condition	dil_day2	dil_day2	dil_day2	dil_day2	dil_day2	dil_day2	dil_day2	dil_day2	dil_day2
selection	dil_day2_rep1	dil_day2_rep1	dil_day2_rep1	dil_day2_rep2	dil_day2_rep2	dil_day2_rep2	dil_day2_rep3	dil_day2_rep3	dil_day2_rep3
timepoint	c_0	c_1	c_2	c_0	c_1	c_2	c_0	c_1	c_2
_wt	NA	NA	NA	NA	NA	NA	NA	NA	NA
Y43L-P136E	NA	NA	NA	NA	NA	NA	NA	NA	NA
P136C	NA	NA	NA	NA	NA	NA	NA	NA	NA
A106W-P136N	NA	NA	NA	NA	NA	NA	NA	NA	NA
P136E	NA	NA	NA	NA	NA	NA	NA	NA	NA
V140C	NA	NA	NA	NA	NA	NA	NA	NA	NA
K166A	NA	NA	NA	NA	NA	NA	NA	NA	NA
L20Y-L158C	NA	NA	NA	NA	NA	NA	NA	NA	NA
L132E	NA	NA	NA	NA	NA	NA	NA	NA	NA
G137Q	NA	NA	NA	NA	NA	NA	NA	NA	NA
P136F	NA	NA	NA	NA	NA	NA	NA	NA	NA
K166Q	NA	NA	NA	NA	NA	NA	NA	NA	NA
S27N-P136V	NA	NA	NA	NA	NA	NA	NA	NA	NA
T122V-L174M	NA	NA	NA	NA	NA	NA	NA	NA	NA
S28G	NA	NA	NA	NA	NA	NA	NA	NA	NA
N138C	NA	NA	NA	NA	NA	NA	NA	NA	NA
V159C	NA	NA	NA	NA	NA	NA	NA	NA	NA
G76A-N138T	NA	NA	NA	NA	NA	NA	NA	NA	NA
T105Q-V164A	NA	NA	NA	NA	NA	NA	NA	NA	NA
S98D-T153N	NA	NA	NA	NA	NA	NA	NA	NA	NA
S97Y-N138L	NA	NA	NA	NA	NA	NA	NA	NA	NA
L132Q-W147Q	NA	NA	NA	NA	NA	NA	NA	NA	NA
V140T	NA	NA	NA	NA	NA	NA	NA	NA	NA
S98E-K154M	NA	NA	NA	NA	NA	NA	NA	NA	NA
A106L-P136Y	NA	NA	NA	NA	NA	NA	NA	NA	NA
T105E-P136H	NA	NA	NA	NA	NA	NA	NA	NA	NA
N138T	NA	NA	NA	NA	NA	NA	NA	NA	NA
L57T	NA	NA	NA	NA	NA	NA	NA	NA	NA
S22S	NA	NA	NA	NA	NA	NA	NA	NA	NA
M62L-K154L	NA	NA	NA	NA	NA	NA	NA	NA	NA
N138S	NA	NA	NA	NA	NA	NA	NA	NA	NA
V142T	NA	NA	NA	NA	NA	NA	NA	NA	NA
P104F-S148R-I165C	NA	NA	NA	NA	NA	NA	NA	NA	NA
A152M	NA	NA	NA	NA	NA	NA	NA	NA	NA
A89V-T151M	NA	NA	NA	NA	NA	NA	NA	NA	NA
S97M-N138E	NA	NA	NA	NA	NA	NA	NA	NA	NA
V164C	NA	NA	NA	NA	NA	NA	NA	NA	NA
T153V	NA	NA	NA	NA	NA	NA	NA	NA	NA
A152E	NA	NA	NA	NA	NA	NA	NA	NA	NA
K154Q	NA	NA	NA	NA	NA	NA	NA	NA	NA
N162R	NA	NA	NA	NA	NA	NA	NA	NA	NA
T153M	NA	NA	NA	NA	NA	NA	NA	NA	NA
A69Q-P136N	NA	NA	NA	NA	NA	NA	NA	NA	NA
P136M	NA	NA	NA	NA	NA	NA	NA	NA	NA
P85D-I165H	NA	NA	NA	NA	NA	NA	NA	NA	NA
S28H-G137K	NA	NA	NA	NA	NA	NA	NA	NA	NA
A106Q-T153S	NA	NA	NA	NA	NA	NA	NA	NA	NA
C90A	NA	NA	NA	NA	NA	NA	NA	NA	NA
A152T	NA	NA	NA	NA	NA	NA	NA	NA	NA
T151A	NA	NA	NA	NA	NA	NA	NA	NA	NA
L132W	NA	NA	NA	NA	NA	NA	NA	NA	NA
S148A	NA	NA	NA	NA	NA	NA	NA	NA	NA
T101R-T151M	NA	NA	NA	NA	NA	NA	NA	NA	NA
V123T-G137E	NA	NA	NA	NA	NA	NA	NA	NA	NA
P85C	NA	NA	NA	NA	NA	NA	NA	NA	NA
K166S	NA	NA	NA	NA	NA	NA	NA	NA	NA
V142C	NA	NA	NA	NA	NA	NA	NA	NA	NA
P136H	NA	NA	NA	NA	NA	NA	NA	NA	NA
V159L	NA	NA	NA	NA	NA	NA	NA	NA	NA
N138A	NA	NA	NA	NA	NA	NA	NA	NA	NA
S27M	NA	NA	NA	NA	NA	NA	NA	NA	NA
I165W	NA	NA	NA	NA	NA	NA	NA	NA	NA
S28N-L158V	NA	NA	NA	NA	NA	NA	NA	NA	NA
G137F	NA	NA	NA	NA	NA	NA	NA	NA	NA
S46Y-A152P	NA	NA	NA	NA	NA	NA	NA	NA	NA
G137K	NA	NA	NA	NA	NA	NA	NA	NA	NA
P104H-K154T	NA	NA	NA	NA	NA	NA	NA	NA	NA
Q33K-C170T	NA	NA	NA	NA	NA	NA	NA	NA	NA
A152Q	NA	NA	NA	NA	NA	NA	NA	NA	NA
V131S	NA	NA	NA	NA	NA	NA	NA	NA	NA
V99P	NA	NA	NA	NA	NA	NA	NA	NA	NA
T102E-V164A	NA	NA	NA	NA	NA	NA	NA	NA	NA
S27G	NA	NA	NA	NA	NA	NA	NA	NA	NA
S27C	NA	NA	NA	NA	NA	NA	NA	NA	NA
S28D	NA	NA	NA	NA	NA	NA	NA	NA	NA
S7S-P136E	NA	NA	NA	NA	NA	NA	NA	NA	NA
N138E	NA	NA	NA	NA	NA	NA	NA	NA	NA
T151D	NA	NA	NA	NA	NA	NA	NA	NA	NA
L20V-S160G	NA	NA	NA	NA	NA	NA	NA	NA	NA
S97G	NA	NA	NA	NA	NA	NA	NA	NA	NA
A83H	NA	NA	NA	NA	NA	NA	NA	NA	NA
N113I-K154I	NA	NA	NA	NA	NA	NA	NA	NA	NA
N138F	NA	NA	NA	NA	NA	NA	NA	NA	NA
Q33K-P136Q	NA	NA	NA	NA	NA	NA	NA	NA	NA
K154C	NA	NA	NA	NA	NA	NA	NA	NA	NA
Y107C-K154I	NA	NA	NA	NA	NA	NA	NA	NA	NA
S28N	NA	NA	NA	NA	NA	NA	NA	NA	NA
T101Q	NA	NA	NA	NA	NA	NA	NA	NA	NA
F87S-V140V	NA	NA	NA	NA	NA	NA	NA	NA	NA
Q163T	NA	NA	NA	NA	NA	NA	NA	NA	NA
T24Q-V146L	NA	NA	NA	NA	NA	NA	NA	NA	NA
L132Q	NA	NA	NA	NA	NA	NA	NA	NA	NA
G137M	NA	NA	NA	NA	NA	NA	NA	NA	NA
T38C-P173S	NA	NA	NA	NA	NA	NA	NA	NA	NA
P25S-R156W	NA	NA	NA	NA	NA	NA	NA	NA	NA
L57A	NA	NA	NA	NA	NA	NA	NA	NA	NA
S65S	NA	NA	NA	NA	NA	NA	NA	NA	NA
L132R-I165L	NA	NA	NA	NA	NA	NA	NA	NA	NA
T64T-P136I	NA	NA	NA	NA	NA	NA	NA	NA	NA
C170S	NA	NA	NA	NA	NA	NA	NA	NA	NA
T153N	NA	NA	NA	NA	NA	NA	NA	NA	NA
S28Q-G137P	NA	NA	NA	NA	NA	NA	NA	NA	NA
Q61T	NA	NA	NA	NA	NA	NA	NA	NA	NA
T105E-E167N	NA	NA	NA	NA	NA	NA	NA	NA	NA
V127R-K166P	NA	NA	NA	NA	NA	NA	NA	NA	NA
L132M	NA	NA	NA	NA	NA	NA	NA	NA	NA
Y110R-F144E	NA	NA	NA	NA	NA	NA	NA	NA	NA
Y141A	NA	NA	NA	NA	NA	NA	NA	NA	NA
G55G-T153Q	NA	NA	NA	NA	NA	NA	NA	NA	NA
G119P	NA	NA	NA	NA	NA	NA	NA	NA	NA
S27Q	NA	NA	NA	NA	NA	NA	NA	NA	NA
T101G	NA	NA	NA	NA	NA	NA	NA	NA	NA
V123C-P136T	NA	NA	NA	NA	NA	NA	NA	NA	NA
T102D-G137W	NA	NA	NA	NA	NA	NA	NA	NA	NA
Q163F	NA	NA	NA	NA	NA	NA	NA	NA	NA
A26Q-K166N	NA	NA	NA	NA	NA	NA	NA	NA	NA
K166T	NA	NA	NA	NA	NA	NA	NA	NA	NA
T34F	NA	NA	NA	NA	NA	NA	NA	NA	NA
G137W	NA	NA	NA	NA	NA	NA	NA	NA	NA
P85M-I165M	NA	NA	NA	NA	NA	NA	NA	NA	NA
V164*	NA	NA	NA	NA	NA	NA	NA	NA	NA
S97N-L171F	NA	NA	NA	NA	NA	NA	NA	NA	NA
T151F	NA	NA	NA	NA	NA	NA	NA	NA	NA
P136N	NA	NA	NA	NA	NA	NA	NA	NA	NA
W147V	NA	NA	NA	NA	NA	NA	NA	NA	NA
M62A-T151Q	NA	NA	NA	NA	NA	NA	NA	NA	NA
S97K	NA	NA	NA	NA	NA	NA	NA	NA	NA
G137E	NA	NA	NA	NA	NA	NA	NA	NA	NA
T101E	NA	NA	NA	NA	NA	NA	NA	NA	NA
K154I	NA	NA	NA	NA	NA	NA	NA	NA	NA
A106G-S148G	NA	NA	NA	NA	NA	NA	NA	NA	NA
K166I	NA	NA	NA	NA	NA	NA	NA	NA	NA
T34E-N138L	NA	NA	NA	NA	NA	NA	NA	NA	NA
S160S	NA	NA	NA	NA	NA	NA	NA	NA	NA
V92C-V159L	NA	NA	NA	NA	NA	NA	NA	NA	NA
G137T	NA	NA	NA	NA	NA	NA	NA	NA	NA
S28M-G143G	NA	NA	NA	NA	NA	NA	NA	NA	NA
V142Q	NA	NA	NA	NA	NA	NA	NA	NA	NA
V164A	NA	NA	NA	NA	NA	NA	NA	NA	NA
H58V-T151R	NA	NA	NA	NA	NA	NA	NA	NA	NA
I168*	NA	NA	NA	NA	NA	NA	NA	NA	NA
T34N-P136Q	NA	NA	NA	NA	NA	NA	NA	NA	NA
V127Q-V159M	NA	NA	NA	NA	NA	NA	NA	NA	NA
L91M-K166R	NA	NA	NA	NA	NA	NA	NA	NA	NA
Q33Y	NA	NA	NA	NA	NA	NA	NA	NA	NA
L42I	NA	NA	NA	NA	NA	NA	NA	NA	NA
P136Y	NA	NA	NA	NA	NA	NA	NA	NA	NA
G137V	NA	NA	NA	NA	NA	NA	NA	NA	NA
T153C	NA	NA	NA	NA	NA	NA	NA	NA	NA
L32V-G137H	NA	NA	NA	NA	NA	NA	NA	NA	NA
S97M	NA	NA	NA	NA	NA	NA	NA	NA	NA
P104N-N139Q	NA	NA	NA	NA	NA	NA	NA	NA	NA
V140*	NA	NA	NA	NA	NA	NA	NA	NA	NA
F144A	NA	NA	NA	NA	NA	NA	NA	NA	NA
L174Y	NA	NA	NA	NA	NA	NA	NA	NA	NA
T151R	NA	NA	NA	NA	NA	NA	NA	NA	NA
N67R-F150Y	NA	NA	NA	NA	NA	NA	NA	NA	NA
N138W	NA	NA	NA	NA	NA	NA	NA	NA	NA
N162T	NA	NA	NA	NA	NA	NA	NA	NA	NA
T105Q	NA	NA	NA	NA	NA	NA	NA	NA	NA
I165A	NA	NA	NA	NA	NA	NA	NA	NA	NA
T151Q	NA	NA	NA	NA	NA	NA	NA	NA	NA
D82N-T151P	NA	NA	NA	NA	NA	NA	NA	NA	NA
S96W-T151E	NA	NA	NA	NA	NA	NA	NA	NA	NA
F150W	NA	NA	NA	NA	NA	NA	NA	NA	NA
S27W-P136I	NA	NA	NA	NA	NA	NA	NA	NA	NA
Q33T-A152D	NA	NA	NA	NA	NA	NA	NA	NA	NA
S27P	NA	NA	NA	NA	NA	NA	NA	NA	NA
I165V	NA	NA	NA	NA	NA	NA	NA	NA	NA
P25D-F144K	NA	NA	NA	NA	NA	NA	NA	NA	NA
N12G-S148S	NA	NA	NA	NA	NA	NA	NA	NA	NA
Q71T-E167C	NA	NA	NA	NA	NA	NA	NA	NA	NA
S39S-T153S	NA	NA	NA	NA	NA	NA	NA	NA	NA
K154Y	NA	NA	NA	NA	NA	NA	NA	NA	NA
F88G	NA	NA	NA	NA	NA	NA	NA	NA	NA
Y121T-G157I	NA	NA	NA	NA	NA	NA	NA	NA	NA
G119T	NA	NA	NA	NA	NA	NA	NA	NA	NA
S27W	NA	NA	NA	NA	NA	NA	NA	NA	NA
P85V-K154G	NA	NA	NA	NA	NA	NA	NA	NA	NA
T128C-A152H	NA	NA	NA	NA	NA	NA	NA	NA	NA
T34*-K154V	NA	NA	NA	NA	NA	NA	NA	NA	NA
L103M	NA	NA	NA	NA	NA	NA	NA	NA	NA
A106H-V159M	NA	NA	NA	NA	NA	NA	NA	NA	NA
C126Q-C155E	NA	NA	NA	NA	NA	NA	NA	NA	NA
L112L-I165N	NA	NA	NA	NA	NA	NA	NA	NA	NA
L132T	NA	NA	NA	NA	NA	NA	NA	NA	NA
A106F-G143W	NA	NA	NA	NA	NA	NA	NA	NA	NA
L103*-I165D	NA	NA	NA	NA	NA	NA	NA	NA	NA
G114C-K154V	NA	NA	NA	NA	NA	NA	NA	NA	NA
P25S	NA	NA	NA	NA	NA	NA	NA	NA	NA
Y43G-L158T	NA	NA	NA	NA	NA	NA	NA	NA	NA
V123K-I168G	NA	NA	NA	NA	NA	NA	NA	NA	NA
T105E-R156M	NA	NA	NA	NA	NA	NA	NA	NA	NA
L42P-F150E	NA	NA	NA	NA	NA	NA	NA	NA	NA
T122H-N162A	NA	NA	NA	NA	NA	NA	NA	NA	NA
N67F-N138R	NA	NA	NA	NA	NA	NA	NA	NA	NA
C155I	NA	NA	NA	NA	NA	NA	NA	NA	NA
G143F	NA	NA	NA	NA	NA	NA	NA	NA	NA
I165S	NA	NA	NA	NA	NA	NA	NA	NA	NA
A69N-P136L	NA	NA	NA	NA	NA	NA	NA	NA	NA
M62L-A152G	NA	NA	NA	NA	NA	NA	NA	NA	NA
F44W	NA	NA	NA	NA	NA	NA	NA	NA	NA
L132K-P136W	NA	NA	NA	NA	NA	NA	NA	NA	NA
Q33K-I165L	NA	NA	NA	NA	NA	NA	NA	NA	NA
K124S	NA	NA	NA	NA	NA	NA	NA	NA	NA
P30L-P136Q	NA	NA	NA	NA	NA	NA	NA	NA	NA
L161G	NA	NA	NA	NA	NA	NA	NA	NA	NA
S28H-V159M	NA	NA	NA	NA	NA	NA	NA	NA	NA
V159K	NA	NA	NA	NA	NA	NA	NA	NA	NA
D117G-V159V	NA	NA	NA	NA	NA	NA	NA	NA	NA
Q33G	NA	NA	NA	NA	NA	NA	NA	NA	NA
F150K	NA	NA	NA	NA	NA	NA	NA	NA	NA
C126A-T153V	NA	NA	NA	NA	NA	NA	NA	NA	NA
G143Q	NA	NA	NA	NA	NA	NA	NA	NA	NA
V142K	NA	NA	NA	NA	NA	NA	NA	NA	NA
S22Q	NA	NA	NA	NA	NA	NA	NA	NA	NA
K86C	NA	NA	NA	NA	NA	NA	NA	NA	NA
R156K	NA	NA	NA	NA	NA	NA	NA	NA	NA
T101M	NA	NA	NA	NA	NA	NA	NA	NA	NA
T38V-V140S	NA	NA	NA	NA	NA	NA	NA	NA	NA
A68G-V140S	NA	NA	NA	NA	NA	NA	NA	NA	NA
T101A	NA	NA	NA	NA	NA	NA	NA	NA	NA
T41H-Y141G	NA	NA	NA	NA	NA	NA	NA	NA	NA
L132Y	NA	NA	NA	NA	NA	NA	NA	NA	NA
C90T-N138T	NA	NA	NA	NA	NA	NA	NA	NA	NA
T24E	NA	NA	NA	NA	NA	NA	NA	NA	NA
K36C	NA	NA	NA	NA	NA	NA	NA	NA	NA
V159M	NA	NA	NA	NA	NA	NA	NA	NA	NA
T48A-F81N-G157E-I169W	NA	NA	NA	NA	NA	NA	NA	NA	NA
T151W	NA	NA	NA	NA	NA	NA	NA	NA	NA
P136G	NA	NA	NA	NA	NA	NA	NA	NA	NA
G119M	NA	NA	NA	NA	NA	NA	NA	NA	NA
H58W	NA	NA	NA	NA	NA	NA	NA	NA	NA
I165Q	NA	NA	NA	NA	NA	NA	NA	NA	NA
Y120F-K154V	NA	NA	NA	NA	NA	NA	NA	NA	NA
Y141E	NA	NA	NA	NA	NA	NA	NA	NA	NA
T102R-N138V	NA	NA	NA	NA	NA	NA	NA	NA	NA
S97S-T153M	NA	NA	NA	NA	NA	NA	NA	NA	NA
A69N	NA	NA	NA	NA	NA	NA	NA	NA	NA
V127*	NA	NA	NA	NA	NA	NA	NA	NA	NA
S96Q	NA	NA	NA	NA	NA	NA	NA	NA	NA
V140P	NA	NA	NA	NA	NA	NA	NA	NA	NA
L32M-I165T	NA	NA	NA	NA	NA	NA	NA	NA	NA
L132R-P136W	NA	NA	NA	NA	NA	NA	NA	NA	NA
Y43S	NA	NA	NA	NA	NA	NA	NA	NA	NA
V142M	NA	NA	NA	NA	NA	NA	NA	NA	NA
V159N	NA	NA	NA	NA	NA	NA	NA	NA	NA
N162A	NA	NA	NA	NA	NA	NA	NA	NA	NA
N138G	NA	NA	NA	NA	NA	NA	NA	NA	NA
V164Q	NA	NA	NA	NA	NA	NA	NA	NA	NA
P136V	NA	NA	NA	NA	NA	NA	NA	NA	NA
W147T	NA	NA	NA	NA	NA	NA	NA	NA	NA
T34E-A152V	NA	NA	NA	NA	NA	NA	NA	NA	NA
N162W	NA	NA	NA	NA	NA	NA	NA	NA	NA
V140L	NA	NA	NA	NA	NA	NA	NA	NA	NA
D45L	NA	NA	NA	NA	NA	NA	NA	NA	NA
N67L	NA	NA	NA	NA	NA	NA	NA	NA	NA
A37G	NA	NA	NA	NA	NA	NA	NA	NA	NA
V31P	NA	NA	NA	NA	NA	NA	NA	NA	NA
S46D	NA	NA	NA	NA	NA	NA	NA	NA	NA
G114P-G143V	NA	NA	NA	NA	NA	NA	NA	NA	NA
F144K	NA	NA	NA	NA	NA	NA	NA	NA	NA
C155K	NA	NA	NA	NA	NA	NA	NA	NA	NA
D16Q-S148I	NA	NA	NA	NA	NA	NA	NA	NA	NA
A106D	NA	NA	NA	NA	NA	NA	NA	NA	NA
Y141N	NA	NA	NA	NA	NA	NA	NA	NA	NA
L20E-V159F	NA	NA	NA	NA	NA	NA	NA	NA	NA
P104H-K166N	NA	NA	NA	NA	NA	NA	NA	NA	NA
V142E	NA	NA	NA	NA	NA	NA	NA	NA	NA
L20C-L158Y	NA	NA	NA	NA	NA	NA	NA	NA	NA
F87H	NA	NA	NA	NA	NA	NA	NA	NA	NA
P104D	NA	NA	NA	NA	NA	NA	NA	NA	NA
L158T	NA	NA	NA	NA	NA	NA	NA	NA	NA
G157N	NA	NA	NA	NA	NA	NA	NA	NA	NA
S98M	NA	NA	NA	NA	NA	NA	NA	NA	NA
M62E-G157R	NA	NA	NA	NA	NA	NA	NA	NA	NA
S97A-C155S	NA	NA	NA	NA	NA	NA	NA	NA	NA
T38L-G55G-L171*	NA	NA	NA	NA	NA	NA	NA	NA	NA
S15G-Q163K	NA	NA	NA	NA	NA	NA	NA	NA	NA
S46A-E167L	NA	NA	NA	NA	NA	NA	NA	NA	NA
S97H-L158C	NA	NA	NA	NA	NA	NA	NA	NA	NA
N53*-I165H	NA	NA	NA	NA	NA	NA	NA	NA	NA
I168Y	NA	NA	NA	NA	NA	NA	NA	NA	NA
T122N-L171F	NA	NA	NA	NA	NA	NA	NA	NA	NA
P85E-N138M	NA	NA	NA	NA	NA	NA	NA	NA	NA
K166D	NA	NA	NA	NA	NA	NA	NA	NA	NA
G143T	NA	NA	NA	NA	NA	NA	NA	NA	NA
Q61R-L171*	NA	NA	NA	NA	NA	NA	NA	NA	NA
G114Q-Q172W	NA	NA	NA	NA	NA	NA	NA	NA	NA
P35*-N149D	NA	NA	NA	NA	NA	NA	NA	NA	NA
F88C-N139F	NA	NA	NA	NA	NA	NA	NA	NA	NA
I165L	NA	NA	NA	NA	NA	NA	NA	NA	NA
N162F	NA	NA	NA	NA	NA	NA	NA	NA	NA
T38I	NA	NA	NA	NA	NA	NA	NA	NA	NA
L103*-E167M	NA	NA	NA	NA	NA	NA	NA	NA	NA
T102W-G143Y	NA	NA	NA	NA	NA	NA	NA	NA	NA
F81M-N138M	NA	NA	NA	NA	NA	NA	NA	NA	NA
P104V-T153T	NA	NA	NA	NA	NA	NA	NA	NA	NA
S27A	NA	NA	NA	NA	NA	NA	NA	NA	NA
T105V-V142V	NA	NA	NA	NA	NA	NA	NA	NA	NA
L20H-I165W	NA	NA	NA	NA	NA	NA	NA	NA	NA
Y121V-A152K	NA	NA	NA	NA	NA	NA	NA	NA	NA
F14T-P136Q	NA	NA	NA	NA	NA	NA	NA	NA	NA
E167M	NA	NA	NA	NA	NA	NA	NA	NA	NA
V127H	NA	NA	NA	NA	NA	NA	NA	NA	NA
V99E-I168L	NA	NA	NA	NA	NA	NA	NA	NA	NA
L103D	NA	NA	NA	NA	NA	NA	NA	NA	NA
L18S-P136I	NA	NA	NA	NA	NA	NA	NA	NA	NA
S74V-P136I	NA	NA	NA	NA	NA	NA	NA	NA	NA
Q33T-N138V	NA	NA	NA	NA	NA	NA	NA	NA	NA
V164N	NA	NA	NA	NA	NA	NA	NA	NA	NA
V19N	NA	NA	NA	NA	NA	NA	NA	NA	NA
P136T	NA	NA	NA	NA	NA	NA	NA	NA	NA
P104K-F150M	NA	NA	NA	NA	NA	NA	NA	NA	NA
S148R	NA	NA	NA	NA	NA	NA	NA	NA	NA
Q71M	NA	NA	NA	NA	NA	NA	NA	NA	NA
A26Q-N162G	NA	NA	NA	NA	NA	NA	NA	NA	NA
V99*-F144M	NA	NA	NA	NA	NA	NA	NA	NA	NA
P136R	NA	NA	NA	NA	NA	NA	NA	NA	NA
I168L	NA	NA	NA	NA	NA	NA	NA	NA	NA
T122A-N162N	NA	NA	NA	NA	NA	NA	NA	NA	NA
V92S-A152Y	NA	NA	NA	NA	NA	NA	NA	NA	NA
A37V-V92*-N138M	NA	NA	NA	NA	NA	NA	NA	NA	NA
I165E	NA	NA	NA	NA	NA	NA	NA	NA	NA
I60P-V164H	NA	NA	NA	NA	NA	NA	NA	NA	NA
Y110L-C155F	NA	NA	NA	NA	NA	NA	NA	NA	NA
I168G	NA	NA	NA	NA	NA	NA	NA	NA	NA
V164W	NA	NA	NA	NA	NA	NA	NA	NA	NA
F87T	NA	NA	NA	NA	NA	NA	NA	NA	NA
T34T-A152N	NA	NA	NA	NA	NA	NA	NA	NA	NA
V123K-F144R	NA	NA	NA	NA	NA	NA	NA	NA	NA
T34C-N149I	NA	NA	NA	NA	NA	NA	NA	NA	NA
T64Y-N138F	NA	NA	NA	NA	NA	NA	NA	NA	NA
V159E	NA	NA	NA	NA	NA	NA	NA	NA	NA
T21S-F150A	NA	NA	NA	NA	NA	NA	NA	NA	NA
R93I-Q172M	NA	NA	NA	NA	NA	NA	NA	NA	NA
Q61M-N138L	NA	NA	NA	NA	NA	NA	NA	NA	NA
S22G-V142N	NA	NA	NA	NA	NA	NA	NA	NA	NA
I79K-T151*	NA	NA	NA	NA	NA	NA	NA	NA	NA
T101D-G143V	NA	NA	NA	NA	NA	NA	NA	NA	NA
T122A-C155H	NA	NA	NA	NA	NA	NA	NA	NA	NA
A26H	NA	NA	NA	NA	NA	NA	NA	NA	NA
S28Q	NA	NA	NA	NA	NA	NA	NA	NA	NA
S98K-N138*	NA	NA	NA	NA	NA	NA	NA	NA	NA
F56A-V164Y	NA	NA	NA	NA	NA	NA	NA	NA	NA
S148S-K154D	NA	NA	NA	NA	NA	NA	NA	NA	NA
Q61V	NA	NA	NA	NA	NA	NA	NA	NA	NA
K36Y-V164K	NA	NA	NA	NA	NA	NA	NA	NA	NA
S46K-V164L	NA	NA	NA	NA	NA	NA	NA	NA	NA
P100N-N149G	NA	NA	NA	NA	NA	NA	NA	NA	NA
T105C	NA	NA	NA	NA	NA	NA	NA	NA	NA
A152N	NA	NA	NA	NA	NA	NA	NA	NA	NA
T101K-T153E	NA	NA	NA	NA	NA	NA	NA	NA	NA
S97D	NA	NA	NA	NA	NA	NA	NA	NA	NA
S27H-C170F	NA	NA	NA	NA	NA	NA	NA	NA	NA
T34L-I165R	NA	NA	NA	NA	NA	NA	NA	NA	NA
P100F-K154W	NA	NA	NA	NA	NA	NA	NA	NA	NA
A26N-P136I	NA	NA	NA	NA	NA	NA	NA	NA	NA
T105P-L171F	NA	NA	NA	NA	NA	NA	NA	NA	NA
A69I-V164Y	NA	NA	NA	NA	NA	NA	NA	NA	NA
P136S	NA	NA	NA	NA	NA	NA	NA	NA	NA
S97Q	NA	NA	NA	NA	NA	NA	NA	NA	NA
P136K	NA	NA	NA	NA	NA	NA	NA	NA	NA
S96S-G137I	NA	NA	NA	NA	NA	NA	NA	NA	NA
S46G-W147I	NA	NA	NA	NA	NA	NA	NA	NA	NA
A106F-K154H	NA	NA	NA	NA	NA	NA	NA	NA	NA
T105V-K154F	NA	NA	NA	NA	NA	NA	NA	NA	NA
N162L	NA	NA	NA	NA	NA	NA	NA	NA	NA
D82C	NA	NA	NA	NA	NA	NA	NA	NA	NA
F150*	NA	NA	NA	NA	NA	NA	NA	NA	NA
S46H-I165N	NA	NA	NA	NA	NA	NA	NA	NA	NA
M145R	NA	NA	NA	NA	NA	NA	NA	NA	NA
K166R	NA	NA	NA	NA	NA	NA	NA	NA	NA
T4K-V140T	NA	NA	NA	NA	NA	NA	NA	NA	NA
S27*-S74P-F81F-T102N-D108K-Y120T-V142L	NA	NA	NA	NA	NA	NA	NA	NA	NA
M62A-G137D	NA	NA	NA	NA	NA	NA	NA	NA	NA
C126G	NA	NA	NA	NA	NA	NA	NA	NA	NA
V99N	NA	NA	NA	NA	NA	NA	NA	NA	NA
T105R-V140T	NA	NA	NA	NA	NA	NA	NA	NA	NA
L103T-Y141R	NA	NA	NA	NA	NA	NA	NA	NA	NA
K166H	NA	NA	NA	NA	NA	NA	NA	NA	NA
I165T	NA	NA	NA	NA	NA	NA	NA	NA	NA
T105E-V140R	NA	NA	NA	NA	NA	NA	NA	NA	NA
V66F-V164C	NA	NA	NA	NA	NA	NA	NA	NA	NA
S160D	NA	NA	NA	NA	NA	NA	NA	NA	NA
N138Q	NA	NA	NA	NA	NA	NA	NA	NA	NA
V99I-G137D	NA	NA	NA	NA	NA	NA	NA	NA	NA
W147D	NA	NA	NA	NA	NA	NA	NA	NA	NA
Y120T-K166S	NA	NA	NA	NA	NA	NA	NA	NA	NA
T153F	NA	NA	NA	NA	NA	NA	NA	NA	NA
Y43E-A152D	NA	NA	NA	NA	NA	NA	NA	NA	NA
N139V	NA	NA	NA	NA	NA	NA	NA	NA	NA
H58V	NA	NA	NA	NA	NA	NA	NA	NA	NA
C126A-G157L	NA	NA	NA	NA	NA	NA	NA	NA	NA
A106Q-M145C	NA	NA	NA	NA	NA	NA	NA	NA	NA
Y107R-K175K	NA	NA	NA	NA	NA	NA	NA	NA	NA
F144Q	NA	NA	NA	NA	NA	NA	NA	NA	NA
F144D	NA	NA	NA	NA	NA	NA	NA	NA	NA
A152V	NA	NA	NA	NA	NA	NA	NA	NA	NA
N50S-T151V	NA	NA	NA	NA	NA	NA	NA	NA	NA
G76N-V164A	NA	NA	NA	NA	NA	NA	NA	NA	NA
F44V	NA	NA	NA	NA	NA	NA	NA	NA	NA
G157F	NA	NA	NA	NA	NA	NA	NA	NA	NA
G157I	NA	NA	NA	NA	NA	NA	NA	NA	NA
T122Y-E167R	NA	NA	NA	NA	NA	NA	NA	NA	NA
T105S	NA	NA	NA	NA	NA	NA	NA	NA	NA
Y121T-L171E	NA	NA	NA	NA	NA	NA	NA	NA	NA
G76C-P136A	NA	NA	NA	NA	NA	NA	NA	NA	NA
P35W-E167R	NA	NA	NA	NA	NA	NA	NA	NA	NA
F81P-P173C	NA	NA	NA	NA	NA	NA	NA	NA	NA
V127T-I169P	NA	NA	NA	NA	NA	NA	NA	NA	NA
N149F	NA	NA	NA	NA	NA	NA	NA	NA	NA
A152Y	NA	NA	NA	NA	NA	NA	NA	NA	NA
V159Y	NA	NA	NA	NA	NA	NA	NA	NA	NA
G76A	NA	NA	NA	NA	NA	NA	NA	NA	NA
L112R-V146C	NA	NA	NA	NA	NA	NA	NA	NA	NA
T34E	NA	NA	NA	NA	NA	NA	NA	NA	NA
F56K-L171K	NA	NA	NA	NA	NA	NA	NA	NA	NA
K154D	NA	NA	NA	NA	NA	NA	NA	NA	NA
A106M-P136N	NA	NA	NA	NA	NA	NA	NA	NA	NA
M145*	NA	NA	NA	NA	NA	NA	NA	NA	NA
D78T-V92I-R156L	NA	NA	NA	NA	NA	NA	NA	NA	NA
S22A-I168F	NA	NA	NA	NA	NA	NA	NA	NA	NA
V123*-R156Y	NA	NA	NA	NA	NA	NA	NA	NA	NA
H58T-I169A	NA	NA	NA	NA	NA	NA	NA	NA	NA
T21R-T38T-V72A-C170R	NA	NA	NA	NA	NA	NA	NA	NA	NA
F44R-P173C	NA	NA	NA	NA	NA	NA	NA	NA	NA
L103W-L171E	NA	NA	NA	NA	NA	NA	NA	NA	NA
F144G	NA	NA	NA	NA	NA	NA	NA	NA	NA
V123K-Q172C	NA	NA	NA	NA	NA	NA	NA	NA	NA
L112I-G137K	NA	NA	NA	NA	NA	NA	NA	NA	NA
P25I-L161Y	NA	NA	NA	NA	NA	NA	NA	NA	NA
D84E-S148M-V164H	NA	NA	NA	NA	NA	NA	NA	NA	NA
T122Q-S148E	NA	NA	NA	NA	NA	NA	NA	NA	NA
A80*-T151*	NA	NA	NA	NA	NA	NA	NA	NA	NA
V127T	NA	NA	NA	NA	NA	NA	NA	NA	NA
I60V-C126A-G143V	NA	NA	NA	NA	NA	NA	NA	NA	NA
T34I-L42G-G143H	NA	NA	NA	NA	NA	NA	NA	NA	NA
L42I-N138F	NA	NA	NA	NA	NA	NA	NA	NA	NA
F56A-R156Y	NA	NA	NA	NA	NA	NA	NA	NA	NA
F14S-C155H	NA	NA	NA	NA	NA	NA	NA	NA	NA
V23Q-Y141R	NA	NA	NA	NA	NA	NA	NA	NA	NA
T105K-N138H	NA	NA	NA	NA	NA	NA	NA	NA	NA
N139R	NA	NA	NA	NA	NA	NA	NA	NA	NA
S28H-P136A	NA	NA	NA	NA	NA	NA	NA	NA	NA
S27L-K154A	NA	NA	NA	NA	NA	NA	NA	NA	NA
N50C	NA	NA	NA	NA	NA	NA	NA	NA	NA
Y141G	NA	NA	NA	NA	NA	NA	NA	NA	NA
S96V	NA	NA	NA	NA	NA	NA	NA	NA	NA
P25P-A69T-F81C-E167W	NA	NA	NA	NA	NA	NA	NA	NA	NA
T34V-L161D	NA	NA	NA	NA	NA	NA	NA	NA	NA
P104K	NA	NA	NA	NA	NA	NA	NA	NA	NA
K124A-K154E	NA	NA	NA	NA	NA	NA	NA	NA	NA
F94Q-F150P	NA	NA	NA	NA	NA	NA	NA	NA	NA
S74N-S148Q	NA	NA	NA	NA	NA	NA	NA	NA	NA
H58S	NA	NA	NA	NA	NA	NA	NA	NA	NA
T38A-L161T	NA	NA	NA	NA	NA	NA	NA	NA	NA
K154A	NA	NA	NA	NA	NA	NA	NA	NA	NA
A26N-G143*	NA	NA	NA	NA	NA	NA	NA	NA	NA
I60*-N138N-V159G	NA	NA	NA	NA	NA	NA	NA	NA	NA
V49V-V142L	NA	NA	NA	NA	NA	NA	NA	NA	NA
L132V	NA	NA	NA	NA	NA	NA	NA	NA	NA
S27T	NA	NA	NA	NA	NA	NA	NA	NA	NA
C155T	NA	NA	NA	NA	NA	NA	NA	NA	NA
G114W-F150D	NA	NA	NA	NA	NA	NA	NA	NA	NA
V73R-F94L-V159W	NA	NA	NA	NA	NA	NA	NA	NA	NA
K154M	NA	NA	NA	NA	NA	NA	NA	NA	NA
A29K-Q163D	NA	NA	NA	NA	NA	NA	NA	NA	NA
P85N	NA	NA	NA	NA	NA	NA	NA	NA	NA
L103R-V146P	NA	NA	NA	NA	NA	NA	NA	NA	NA
S28D-P136V	NA	NA	NA	NA	NA	NA	NA	NA	NA
L132G	NA	NA	NA	NA	NA	NA	NA	NA	NA
Y110D-Q172I	NA	NA	NA	NA	NA	NA	NA	NA	NA
V72T-S160K	NA	NA	NA	NA	NA	NA	NA	NA	NA
R93M-K166W	NA	NA	NA	NA	NA	NA	NA	NA	NA
K175P	NA	NA	NA	NA	NA	NA	NA	NA	NA
V159A	NA	NA	NA	NA	NA	NA	NA	NA	NA
V159W	NA	NA	NA	NA	NA	NA	NA	NA	NA
T38L-F150Q	NA	NA	NA	NA	NA	NA	NA	NA	NA
K154T	NA	NA	NA	NA	NA	NA	NA	NA	NA
G157K	NA	NA	NA	NA	NA	NA	NA	NA	NA
G157C	NA	NA	NA	NA	NA	NA	NA	NA	NA
T102V-E167T	NA	NA	NA	NA	NA	NA	NA	NA	NA
D45A-P136D	NA	NA	NA	NA	NA	NA	NA	NA	NA
F150H	NA	NA	NA	NA	NA	NA	NA	NA	NA
L47I	NA	NA	NA	NA	NA	NA	NA	NA	NA
A69I-F144W	NA	NA	NA	NA	NA	NA	NA	NA	NA
T101I-V146R	NA	NA	NA	NA	NA	NA	NA	NA	NA
T101I-P173D	NA	NA	NA	NA	NA	NA	NA	NA	NA
V109Y-F144S	NA	NA	NA	NA	NA	NA	NA	NA	NA
A51K-T151R	NA	NA	NA	NA	NA	NA	NA	NA	NA
F144T	NA	NA	NA	NA	NA	NA	NA	NA	NA
D108*-L158*	NA	NA	NA	NA	NA	NA	NA	NA	NA
S97H-V159C	NA	NA	NA	NA	NA	NA	NA	NA	NA
P30K-C155R	NA	NA	NA	NA	NA	NA	NA	NA	NA
G55D-P173C	NA	NA	NA	NA	NA	NA	NA	NA	NA
Q163G	NA	NA	NA	NA	NA	NA	NA	NA	NA
Q61C-E167E	NA	NA	NA	NA	NA	NA	NA	NA	NA
T38P-A152Q	NA	NA	NA	NA	NA	NA	NA	NA	NA
S40G-V142S-F144F	NA	NA	NA	NA	NA	NA	NA	NA	NA
W147I	NA	NA	NA	NA	NA	NA	NA	NA	NA
Y120R-E167F	NA	NA	NA	NA	NA	NA	NA	NA	NA
A26H-V142*	NA	NA	NA	NA	NA	NA	NA	NA	NA
P30A-T151E	NA	NA	NA	NA	NA	NA	NA	NA	NA
A69M-P136Y	NA	NA	NA	NA	NA	NA	NA	NA	NA
Y43C-F144W	NA	NA	NA	NA	NA	NA	NA	NA	NA
T101C-P136Q	NA	NA	NA	NA	NA	NA	NA	NA	NA
V99P-V164P	NA	NA	NA	NA	NA	NA	NA	NA	NA
P85V-A152D	NA	NA	NA	NA	NA	NA	NA	NA	NA
V123D-G137N	NA	NA	NA	NA	NA	NA	NA	NA	NA
P104C-P136Q	NA	NA	NA	NA	NA	NA	NA	NA	NA
L20W-L42L-C90R-P136A-V159V-E167F	NA	NA	NA	NA	NA	NA	NA	NA	NA
S27E-P136H	NA	NA	NA	NA	NA	NA	NA	NA	NA
D117T-E167E	NA	NA	NA	NA	NA	NA	NA	NA	NA
G119T-Y141S	NA	NA	NA	NA	NA	NA	NA	NA	NA
P85D-Q163I	NA	NA	NA	NA	NA	NA	NA	NA	NA
F144Y	NA	NA	NA	NA	NA	NA	NA	NA	NA
G143M	NA	NA	NA	NA	NA	NA	NA	NA	NA
V142L	NA	NA	NA	NA	NA	NA	NA	NA	NA
A83P-T151E	NA	NA	NA	NA	NA	NA	NA	NA	NA
G137D-I165H	NA	NA	NA	NA	NA	NA	NA	NA	NA
S97N	NA	NA	NA	NA	NA	NA	NA	NA	NA
S27T-G137Y	NA	NA	NA	NA	NA	NA	NA	NA	NA
P35M-V164A	NA	NA	NA	NA	NA	NA	NA	NA	NA
A83S-V142*	NA	NA	NA	NA	NA	NA	NA	NA	NA
V140M	NA	NA	NA	NA	NA	NA	NA	NA	NA
S28K-K154I	NA	NA	NA	NA	NA	NA	NA	NA	NA
L132P-N149D	NA	NA	NA	NA	NA	NA	NA	NA	NA
T122I-G143P	NA	NA	NA	NA	NA	NA	NA	NA	NA
S46E-E167G	NA	NA	NA	NA	NA	NA	NA	NA	NA
P133G-I168V	NA	NA	NA	NA	NA	NA	NA	NA	NA
T101F	NA	NA	NA	NA	NA	NA	NA	NA	NA
A26W	NA	NA	NA	NA	NA	NA	NA	NA	NA
V73W	NA	NA	NA	NA	NA	NA	NA	NA	NA
V99R-T101T-K166L	NA	NA	NA	NA	NA	NA	NA	NA	NA
I168A	NA	NA	NA	NA	NA	NA	NA	NA	NA
H116E-V164E	NA	NA	NA	NA	NA	NA	NA	NA	NA
S46I-S148N	NA	NA	NA	NA	NA	NA	NA	NA	NA
S96W-T153Q	NA	NA	NA	NA	NA	NA	NA	NA	NA
I60Q-E167P	NA	NA	NA	NA	NA	NA	NA	NA	NA
K124G-S148*	NA	NA	NA	NA	NA	NA	NA	NA	NA
L103V-E167N	NA	NA	NA	NA	NA	NA	NA	NA	NA
D108Q-G137L	NA	NA	NA	NA	NA	NA	NA	NA	NA
V99Q-G137A	NA	NA	NA	NA	NA	NA	NA	NA	NA
S97C-G157T	NA	NA	NA	NA	NA	NA	NA	NA	NA
P25C-F144S	NA	NA	NA	NA	NA	NA	NA	NA	NA
A77T	NA	NA	NA	NA	NA	NA	NA	NA	NA
T122L	NA	NA	NA	NA	NA	NA	NA	NA	NA
L171W	NA	NA	NA	NA	NA	NA	NA	NA	NA
S28H	NA	NA	NA	NA	NA	NA	NA	NA	NA
V31*	NA	NA	NA	NA	NA	NA	NA	NA	NA
V66Q-N162*	NA	NA	NA	NA	NA	NA	NA	NA	NA
D117E-G143*	NA	NA	NA	NA	NA	NA	NA	NA	NA
Y141L	NA	NA	NA	NA	NA	NA	NA	NA	NA
L20D	NA	NA	NA	NA	NA	NA	NA	NA	NA
V123Q-N149M	NA	NA	NA	NA	NA	NA	NA	NA	NA
L47S-E167P	NA	NA	NA	NA	NA	NA	NA	NA	NA
G137N	NA	NA	NA	NA	NA	NA	NA	NA	NA
V19N-N138W	NA	NA	NA	NA	NA	NA	NA	NA	NA
Q33F-K166I	NA	NA	NA	NA	NA	NA	NA	NA	NA
A26N-E167E	NA	NA	NA	NA	NA	NA	NA	NA	NA
P85E-T153N	NA	NA	NA	NA	NA	NA	NA	NA	NA
K124I-C170A	NA	NA	NA	NA	NA	NA	NA	NA	NA
S97F-L161V	NA	NA	NA	NA	NA	NA	NA	NA	NA
V123C-L171D	NA	NA	NA	NA	NA	NA	NA	NA	NA
S27H-V140A	NA	NA	NA	NA	NA	NA	NA	NA	NA
P173C	NA	NA	NA	NA	NA	NA	NA	NA	NA
L91I	NA	NA	NA	NA	NA	NA	NA	NA	NA
I60W-L161H	NA	NA	NA	NA	NA	NA	NA	NA	NA
V140A	NA	NA	NA	NA	NA	NA	NA	NA	NA
K124Y-V140H-K175Q	NA	NA	NA	NA	NA	NA	NA	NA	NA
A106P	NA	NA	NA	NA	NA	NA	NA	NA	NA
L20P	NA	NA	NA	NA	NA	NA	NA	NA	NA
V123M-K166F	NA	NA	NA	NA	NA	NA	NA	NA	NA
S96T	NA	NA	NA	NA	NA	NA	NA	NA	NA
E167R	NA	NA	NA	NA	NA	NA	NA	NA	NA
Y121V	NA	NA	NA	NA	NA	NA	NA	NA	NA
A51W-K175D	NA	NA	NA	NA	NA	NA	NA	NA	NA
V72S-L174Y	NA	NA	NA	NA	NA	NA	NA	NA	NA
G55W-T105K-K154N	NA	NA	NA	NA	NA	NA	NA	NA	NA
N138I	NA	NA	NA	NA	NA	NA	NA	NA	NA
P35M	NA	NA	NA	NA	NA	NA	NA	NA	NA
A69K-F150A	NA	NA	NA	NA	NA	NA	NA	NA	NA
A106M-K154V	NA	NA	NA	NA	NA	NA	NA	NA	NA
Q172G	NA	NA	NA	NA	NA	NA	NA	NA	NA
C126K	NA	NA	NA	NA	NA	NA	NA	NA	NA
F44C-T151P	NA	NA	NA	NA	NA	NA	NA	NA	NA
N162E	NA	NA	NA	NA	NA	NA	NA	NA	NA
G55H-K166V	NA	NA	NA	NA	NA	NA	NA	NA	NA
V72Q-M145E	NA	NA	NA	NA	NA	NA	NA	NA	NA
Q163A	NA	NA	NA	NA	NA	NA	NA	NA	NA
S97V-I168V	NA	NA	NA	NA	NA	NA	NA	NA	NA
L112K	NA	NA	NA	NA	NA	NA	NA	NA	NA
C126T-A152F	NA	NA	NA	NA	NA	NA	NA	NA	NA
P104D-A152C	NA	NA	NA	NA	NA	NA	NA	NA	NA
A26E-E167E	NA	NA	NA	NA	NA	NA	NA	NA	NA
T24A	NA	NA	NA	NA	NA	NA	NA	NA	NA
F5E-N67N-S98E-V164A	NA	NA	NA	NA	NA	NA	NA	NA	NA
Q163N	NA	NA	NA	NA	NA	NA	NA	NA	NA
S74N-P173E	NA	NA	NA	NA	NA	NA	NA	NA	NA
G119N-S148M	NA	NA	NA	NA	NA	NA	NA	NA	NA
L57K-I165Y	NA	NA	NA	NA	NA	NA	NA	NA	NA
D63S-K166H	NA	NA	NA	NA	NA	NA	NA	NA	NA
A68A-I165H	NA	NA	NA	NA	NA	NA	NA	NA	NA
T101N	NA	NA	NA	NA	NA	NA	NA	NA	NA
D84M-Q163M	NA	NA	NA	NA	NA	NA	NA	NA	NA
P100G-L171C	NA	NA	NA	NA	NA	NA	NA	NA	NA
F87V-K154S	NA	NA	NA	NA	NA	NA	NA	NA	NA
V127Y-L171K	NA	NA	NA	NA	NA	NA	NA	NA	NA
S27V	NA	NA	NA	NA	NA	NA	NA	NA	NA
T105N-K154W	NA	NA	NA	NA	NA	NA	NA	NA	NA
Y120H-F144M	NA	NA	NA	NA	NA	NA	NA	NA	NA
D63P-V142*	NA	NA	NA	NA	NA	NA	NA	NA	NA
S15G-Q172R	NA	NA	NA	NA	NA	NA	NA	NA	NA
V123V-T153Q	NA	NA	NA	NA	NA	NA	NA	NA	NA
S74E	NA	NA	NA	NA	NA	NA	NA	NA	NA
A26G	NA	NA	NA	NA	NA	NA	NA	NA	NA
F5A-Q163R	NA	NA	NA	NA	NA	NA	NA	NA	NA
V109K	NA	NA	NA	NA	NA	NA	NA	NA	NA
P35L-N138G-L161W	NA	NA	NA	NA	NA	NA	NA	NA	NA
K86P-T151G	NA	NA	NA	NA	NA	NA	NA	NA	NA
T153G	NA	NA	NA	NA	NA	NA	NA	NA	NA
L112K-V140C	NA	NA	NA	NA	NA	NA	NA	NA	NA
K124A-N149A	NA	NA	NA	NA	NA	NA	NA	NA	NA
R156L	NA	NA	NA	NA	NA	NA	NA	NA	NA
I168S	NA	NA	NA	NA	NA	NA	NA	NA	NA
T64P-N149W	NA	NA	NA	NA	NA	NA	NA	NA	NA
D63K-C170Q	NA	NA	NA	NA	NA	NA	NA	NA	NA
V31L-G137V	NA	NA	NA	NA	NA	NA	NA	NA	NA
S65M-T151M	NA	NA	NA	NA	NA	NA	NA	NA	NA
S46L-V49V-V140D	NA	NA	NA	NA	NA	NA	NA	NA	NA
T151V	NA	NA	NA	NA	NA	NA	NA	NA	NA
V109S-A152G	NA	NA	NA	NA	NA	NA	NA	NA	NA
F5E-Y141Q	NA	NA	NA	NA	NA	NA	NA	NA	NA
T153D	NA	NA	NA	NA	NA	NA	NA	NA	NA
D108W	NA	NA	NA	NA	NA	NA	NA	NA	NA
M62P-F94K	NA	NA	NA	NA	NA	NA	NA	NA	NA
F88G-P136V	NA	NA	NA	NA	NA	NA	NA	NA	NA
L112T-T151I	NA	NA	NA	NA	NA	NA	NA	NA	NA
F88E-M145G	NA	NA	NA	NA	NA	NA	NA	NA	NA
L112T-S148*	NA	NA	NA	NA	NA	NA	NA	NA	NA
S27L-N138W	NA	NA	NA	NA	NA	NA	NA	NA	NA
V72P-G143N	NA	NA	NA	NA	NA	NA	NA	NA	NA
M1L-T101C-I165A	NA	NA	NA	NA	NA	NA	NA	NA	NA
Q61A-V164A	NA	NA	NA	NA	NA	NA	NA	NA	NA
V159I	NA	NA	NA	NA	NA	NA	NA	NA	NA
V123Y	NA	NA	NA	NA	NA	NA	NA	NA	NA
V140V	NA	NA	NA	NA	NA	NA	NA	NA	NA
S27G-Q172E	NA	NA	NA	NA	NA	NA	NA	NA	NA
M1L-N67F-Y110*-S148E-G157G	NA	NA	NA	NA	NA	NA	NA	NA	NA
F81*-F150T	NA	NA	NA	NA	NA	NA	NA	NA	NA
W147M	NA	NA	NA	NA	NA	NA	NA	NA	NA
Y43E	NA	NA	NA	NA	NA	NA	NA	NA	NA
K166G	NA	NA	NA	NA	NA	NA	NA	NA	NA
I6L-F150A	NA	NA	NA	NA	NA	NA	NA	NA	NA
P25F-G143N	NA	NA	NA	NA	NA	NA	NA	NA	NA
F44Q-N139T	NA	NA	NA	NA	NA	NA	NA	NA	NA
S22S-S97C-W147H	NA	NA	NA	NA	NA	NA	NA	NA	NA
Y121T-V159T	NA	NA	NA	NA	NA	NA	NA	NA	NA
H58A-N162V	NA	NA	NA	NA	NA	NA	NA	NA	NA
S27K-L161S	NA	NA	NA	NA	NA	NA	NA	NA	NA
P104S	NA	NA	NA	NA	NA	NA	NA	NA	NA
P25M-Y141R	NA	NA	NA	NA	NA	NA	NA	NA	NA
R93M-P173L	NA	NA	NA	NA	NA	NA	NA	NA	NA
P100C	NA	NA	NA	NA	NA	NA	NA	NA	NA
V31R-C90Y-E95G-V142P-I168D	NA	NA	NA	NA	NA	NA	NA	NA	NA
A83C-V140S	NA	NA	NA	NA	NA	NA	NA	NA	NA
S97P-M145S	NA	NA	NA	NA	NA	NA	NA	NA	NA
A106K-Q163D	NA	NA	NA	NA	NA	NA	NA	NA	NA
A106E	NA	NA	NA	NA	NA	NA	NA	NA	NA
F44I-P136L	NA	NA	NA	NA	NA	NA	NA	NA	NA
V72S	NA	NA	NA	NA	NA	NA	NA	NA	NA
N139M	NA	NA	NA	NA	NA	NA	NA	NA	NA
G118N-Q172D	NA	NA	NA	NA	NA	NA	NA	NA	NA
S7F-Q33D-N138M	NA	NA	NA	NA	NA	NA	NA	NA	NA
M1L-C59R-I60V-A89*-L158R	NA	NA	NA	NA	NA	NA	NA	NA	NA
M145W	NA	NA	NA	NA	NA	NA	NA	NA	NA
V140S	NA	NA	NA	NA	NA	NA	NA	NA	NA
S98L-E167Y	NA	NA	NA	NA	NA	NA	NA	NA	NA
C90A-T151*	NA	NA	NA	NA	NA	NA	NA	NA	NA
L91N-N162G	NA	NA	NA	NA	NA	NA	NA	NA	NA
P30W-V164P	NA	NA	NA	NA	NA	NA	NA	NA	NA
S15A	NA	NA	NA	NA	NA	NA	NA	NA	NA
N162M	NA	NA	NA	NA	NA	NA	NA	NA	NA
T4D-L161T	NA	NA	NA	NA	NA	NA	NA	NA	NA
T101D	NA	NA	NA	NA	NA	NA	NA	NA	NA
A26N-G137Y	NA	NA	NA	NA	NA	NA	NA	NA	NA
G76V-I129V-T151Y	NA	NA	NA	NA	NA	NA	NA	NA	NA
P85V	NA	NA	NA	NA	NA	NA	NA	NA	NA
D78P-F144E	NA	NA	NA	NA	NA	NA	NA	NA	NA
S65M-G157S	NA	NA	NA	NA	NA	NA	NA	NA	NA
I79R-V142N	NA	NA	NA	NA	NA	NA	NA	NA	NA
V31H-E167L	NA	NA	NA	NA	NA	NA	NA	NA	NA
F88L-V142A	NA	NA	NA	NA	NA	NA	NA	NA	NA
T101*-V164F	NA	NA	NA	NA	NA	NA	NA	NA	NA
G114*-E167L	NA	NA	NA	NA	NA	NA	NA	NA	NA
S160F	NA	NA	NA	NA	NA	NA	NA	NA	NA
D117S-F144L	NA	NA	NA	NA	NA	NA	NA	NA	NA
P104R	NA	NA	NA	NA	NA	NA	NA	NA	NA
H58T-S160E	NA	NA	NA	NA	NA	NA	NA	NA	NA
A106I-K175W	NA	NA	NA	NA	NA	NA	NA	NA	NA
A106F-C170M	NA	NA	NA	NA	NA	NA	NA	NA	NA
Q61G	NA	NA	NA	NA	NA	NA	NA	NA	NA
A77*-K154H	NA	NA	NA	NA	NA	NA	NA	NA	NA
L112*-S160G	NA	NA	NA	NA	NA	NA	NA	NA	NA
V31C-P173A	NA	NA	NA	NA	NA	NA	NA	NA	NA
S28S-L161T	NA	NA	NA	NA	NA	NA	NA	NA	NA
T24G-L161R	NA	NA	NA	NA	NA	NA	NA	NA	NA
Q33I	NA	NA	NA	NA	NA	NA	NA	NA	NA
A83C-I168F	NA	NA	NA	NA	NA	NA	NA	NA	NA
K166N	NA	NA	NA	NA	NA	NA	NA	NA	NA
T34I-G157H	NA	NA	NA	NA	NA	NA	NA	NA	NA
G76*-S160T	NA	NA	NA	NA	NA	NA	NA	NA	NA
F5Q-V142N	NA	NA	NA	NA	NA	NA	NA	NA	NA
V127G	NA	NA	NA	NA	NA	NA	NA	NA	NA
C59E-F150N	NA	NA	NA	NA	NA	NA	NA	NA	NA
K36Y	NA	NA	NA	NA	NA	NA	NA	NA	NA
Y121S-V164W	NA	NA	NA	NA	NA	NA	NA	NA	NA
T24M	NA	NA	NA	NA	NA	NA	NA	NA	NA
F87A-V142N	NA	NA	NA	NA	NA	NA	NA	NA	NA
T151K	NA	NA	NA	NA	NA	NA	NA	NA	NA
C126Q-W147T-E167G	NA	NA	NA	NA	NA	NA	NA	NA	NA
T4T-S27D-R156Y	NA	NA	NA	NA	NA	NA	NA	NA	NA
D108K-G157Q	NA	NA	NA	NA	NA	NA	NA	NA	NA
P111S-V140K	NA	NA	NA	NA	NA	NA	NA	NA	NA
F87N-V140K	NA	NA	NA	NA	NA	NA	NA	NA	NA
R93I	NA	NA	NA	NA	NA	NA	NA	NA	NA
A26E-V164A	NA	NA	NA	NA	NA	NA	NA	NA	NA
S11R-C155*	NA	NA	NA	NA	NA	NA	NA	NA	NA
P35N-K166Y	NA	NA	NA	NA	NA	NA	NA	NA	NA
S96G-N139T	NA	NA	NA	NA	NA	NA	NA	NA	NA
L18S-V159P	NA	NA	NA	NA	NA	NA	NA	NA	NA
I79A-S160H	NA	NA	NA	NA	NA	NA	NA	NA	NA
R8Q	NA	NA	NA	NA	NA	NA	NA	NA	NA
P100Y-S160E	NA	NA	NA	NA	NA	NA	NA	NA	NA
V31S-Y141K	NA	NA	NA	NA	NA	NA	NA	NA	NA
Y107W-I165F	NA	NA	NA	NA	NA	NA	NA	NA	NA
Q61I-A152K	NA	NA	NA	NA	NA	NA	NA	NA	NA
D63T-T153Y	NA	NA	NA	NA	NA	NA	NA	NA	NA
T122H-K166F	NA	NA	NA	NA	NA	NA	NA	NA	NA
T34G-Q163W	NA	NA	NA	NA	NA	NA	NA	NA	NA
F88N-K154V	NA	NA	NA	NA	NA	NA	NA	NA	NA
D78C-T151Y	NA	NA	NA	NA	NA	NA	NA	NA	NA
T122F-T151L	NA	NA	NA	NA	NA	NA	NA	NA	NA
H116R-L132D-V164E	NA	NA	NA	NA	NA	NA	NA	NA	NA
C59K-V164Y	NA	NA	NA	NA	NA	NA	NA	NA	NA
T64G-G143I	NA	NA	NA	NA	NA	NA	NA	NA	NA
V72K-N162P	NA	NA	NA	NA	NA	NA	NA	NA	NA
C59H-N138*	NA	NA	NA	NA	NA	NA	NA	NA	NA
N12W-S148V	NA	NA	NA	NA	NA	NA	NA	NA	NA
C90E-V164H	NA	NA	NA	NA	NA	NA	NA	NA	NA
E95L-I169W	NA	NA	NA	NA	NA	NA	NA	NA	NA
N70G-G143R	NA	NA	NA	NA	NA	NA	NA	NA	NA
A89N-F150P	NA	NA	NA	NA	NA	NA	NA	NA	NA
V127K-K166F	NA	NA	NA	NA	NA	NA	NA	NA	NA
S27D-Y107C-G137P	NA	NA	NA	NA	NA	NA	NA	NA	NA
D16W-V164Y	NA	NA	NA	NA	NA	NA	NA	NA	NA
M62E-V164H	NA	NA	NA	NA	NA	NA	NA	NA	NA
A26E	NA	NA	NA	NA	NA	NA	NA	NA	NA
V164Y	NA	NA	NA	NA	NA	NA	NA	NA	NA
D108L-V164R	NA	NA	NA	NA	NA	NA	NA	NA	NA
G157L	NA	NA	NA	NA	NA	NA	NA	NA	NA
V23Q-V159R	NA	NA	NA	NA	NA	NA	NA	NA	NA
G52*-V142S	NA	NA	NA	NA	NA	NA	NA	NA	NA
S74Q-N138V	NA	NA	NA	NA	NA	NA	NA	NA	NA
Y121S-K166Y	NA	NA	NA	NA	NA	NA	NA	NA	NA
A152K	NA	NA	NA	NA	NA	NA	NA	NA	NA
L132K	NA	NA	NA	NA	NA	NA	NA	NA	NA
C90H-V142R	NA	NA	NA	NA	NA	NA	NA	NA	NA
S65K	NA	NA	NA	NA	NA	NA	NA	NA	NA
L103A-I165C	NA	NA	NA	NA	NA	NA	NA	NA	NA
G157H	NA	NA	NA	NA	NA	NA	NA	NA	NA
L103P-S160K	NA	NA	NA	NA	NA	NA	NA	NA	NA
G119Q-F150E	NA	NA	NA	NA	NA	NA	NA	NA	NA
L161H	NA	NA	NA	NA	NA	NA	NA	NA	NA
P35S-V159S	NA	NA	NA	NA	NA	NA	NA	NA	NA
P25C-V159P	NA	NA	NA	NA	NA	NA	NA	NA	NA
S27T-P136S	NA	NA	NA	NA	NA	NA	NA	NA	NA
T4T-T34V-N162H	NA	NA	NA	NA	NA	NA	NA	NA	NA
P25W	NA	NA	NA	NA	NA	NA	NA	NA	NA
F13*-F150R	NA	NA	NA	NA	NA	NA	NA	NA	NA
E167E	NA	NA	NA	NA	NA	NA	NA	NA	NA
F150T	NA	NA	NA	NA	NA	NA	NA	NA	NA
S97E-V142V	NA	NA	NA	NA	NA	NA	NA	NA	NA
T101P	NA	NA	NA	NA	NA	NA	NA	NA	NA
S74I-I168W	NA	NA	NA	NA	NA	NA	NA	NA	NA
S28K-N162N	NA	NA	NA	NA	NA	NA	NA	NA	NA
N138H	NA	NA	NA	NA	NA	NA	NA	NA	NA
Q61V-T151A	NA	NA	NA	NA	NA	NA	NA	NA	NA
C126P-I165N	NA	NA	NA	NA	NA	NA	NA	NA	NA
A26*-E95A-N149P-Q172V	NA	NA	NA	NA	NA	NA	NA	NA	NA
C126P-V159R	NA	NA	NA	NA	NA	NA	NA	NA	NA
I79T-F87V-F94N-P111P-P136P-W147F	NA	NA	NA	NA	NA	NA	NA	NA	NA
S28I	NA	NA	NA	NA	NA	NA	NA	NA	NA
L91T-V159R	NA	NA	NA	NA	NA	NA	NA	NA	NA
S40D-G137H	NA	NA	NA	NA	NA	NA	NA	NA	NA
D108T-T153*	NA	NA	NA	NA	NA	NA	NA	NA	NA
S39E-Y141Y-G143S-I169V-P173M	NA	NA	NA	NA	NA	NA	NA	NA	NA
F94Q	NA	NA	NA	NA	NA	NA	NA	NA	NA
F94H-C170K	NA	NA	NA	NA	NA	NA	NA	NA	NA
P100M-T153E-G157G	NA	NA	NA	NA	NA	NA	NA	NA	NA
V164V	NA	NA	NA	NA	NA	NA	NA	NA	NA
C155Y	NA	NA	NA	NA	NA	NA	NA	NA	NA
T101V-V140N	NA	NA	NA	NA	NA	NA	NA	NA	NA
E95N-F150A	NA	NA	NA	NA	NA	NA	NA	NA	NA
D84*-K166W	NA	NA	NA	NA	NA	NA	NA	NA	NA
I169V	NA	NA	NA	NA	NA	NA	NA	NA	NA
S65G-N138R	NA	NA	NA	NA	NA	NA	NA	NA	NA
V92T	NA	NA	NA	NA	NA	NA	NA	NA	NA
D78W-N162C	NA	NA	NA	NA	NA	NA	NA	NA	NA
T21A-L158L	NA	NA	NA	NA	NA	NA	NA	NA	NA
T34W-K154W	NA	NA	NA	NA	NA	NA	NA	NA	NA
T34I-D45Y-Y121T-A152G	NA	NA	NA	NA	NA	NA	NA	NA	NA
D63W-V142R	NA	NA	NA	NA	NA	NA	NA	NA	NA
S98S	NA	NA	NA	NA	NA	NA	NA	NA	NA
Q61*-V72*-V127G-I169E	NA	NA	NA	NA	NA	NA	NA	NA	NA
F94E-S160C	NA	NA	NA	NA	NA	NA	NA	NA	NA
I60E-G157S	NA	NA	NA	NA	NA	NA	NA	NA	NA
P111N-I165G	NA	NA	NA	NA	NA	NA	NA	NA	NA
T34A	NA	NA	NA	NA	NA	NA	NA	NA	NA
F44G-W147Q	NA	NA	NA	NA	NA	NA	NA	NA	NA
S74H	NA	NA	NA	NA	NA	NA	NA	NA	NA
V109F-V123H-T135M-N139L-Q163Q	NA	NA	NA	NA	NA	NA	NA	NA	NA
K36P-C90S-W147L-R156F	NA	NA	NA	NA	NA	NA	NA	NA	NA
S7S-K36A-T105T-L161T	NA	NA	NA	NA	NA	NA	NA	NA	NA
T24N	NA	NA	NA	NA	NA	NA	NA	NA	NA
S27H	NA	NA	NA	NA	NA	NA	NA	NA	NA
S11S-A77W-P133P-V159T-I165V	NA	NA	NA	NA	NA	NA	NA	NA	NA
Y107C-S160K	NA	NA	NA	NA	NA	NA	NA	NA	NA
K166Y	NA	NA	NA	NA	NA	NA	NA	NA	NA
T101A-M145A	NA	NA	NA	NA	NA	NA	NA	NA	NA
V31W-L158P	NA	NA	NA	NA	NA	NA	NA	NA	NA
F44Y-P100S-V131*-N149W	NA	NA	NA	NA	NA	NA	NA	NA	NA
S22E-V159R	NA	NA	NA	NA	NA	NA	NA	NA	NA
S148Q	NA	NA	NA	NA	NA	NA	NA	NA	NA
V31N-K166L	NA	NA	NA	NA	NA	NA	NA	NA	NA
V109T-E167G	NA	NA	NA	NA	NA	NA	NA	NA	NA
S7F-V164K	NA	NA	NA	NA	NA	NA	NA	NA	NA
I168D	NA	NA	NA	NA	NA	NA	NA	NA	NA
T102D	NA	NA	NA	NA	NA	NA	NA	NA	NA
A26G-F150W	NA	NA	NA	NA	NA	NA	NA	NA	NA
D108S-F150E	NA	NA	NA	NA	NA	NA	NA	NA	NA
S15P-G54M-Y121H-V123A-R156T	NA	NA	NA	NA	NA	NA	NA	NA	NA
E167F	NA	NA	NA	NA	NA	NA	NA	NA	NA
T24Q-S40P-A69T-S96Y-E167P	NA	NA	NA	NA	NA	NA	NA	NA	NA
S7S-L91R-F94L-S96S-C155Q	NA	NA	NA	NA	NA	NA	NA	NA	NA
T38P-F94L-D108R-M145G-F150L	NA	NA	NA	NA	NA	NA	NA	NA	NA
G143*	NA	NA	NA	NA	NA	NA	NA	NA	NA
T38G-S39L-L42L-N138K-C155F	NA	NA	NA	NA	NA	NA	NA	NA	NA
V73N-V159S	NA	NA	NA	NA	NA	NA	NA	NA	NA
F144N	NA	NA	NA	NA	NA	NA	NA	NA	NA
F144P	NA	NA	NA	NA	NA	NA	NA	NA	NA
A69A-V131K-P133T-L158E	NA	NA	NA	NA	NA	NA	NA	NA	NA
G76M	NA	NA	NA	NA	NA	NA	NA	NA	NA
T34S-K36N-G119V-T135A-C155Q	NA	NA	NA	NA	NA	NA	NA	NA	NA
S39F-S97F-G119C-G143V-M145Q-L171S	NA	NA	NA	NA	NA	NA	NA	NA	NA
V23S-V164E	NA	NA	NA	NA	NA	NA	NA	NA	NA
M1L-V72I-V123Q-V146I-N162V	NA	NA	NA	NA	NA	NA	NA	NA	NA
I60C-G114S-T151P-L171Y	NA	NA	NA	NA	NA	NA	NA	NA	NA
L158C	NA	NA	NA	NA	NA	NA	NA	NA	NA
T101V-F150Q	NA	NA	NA	NA	NA	NA	NA	NA	NA
S22F-H58H-V92K-F144V-G157Y	NA	NA	NA	NA	NA	NA	NA	NA	NA
N162P	NA	NA	NA	NA	NA	NA	NA	NA	NA
G137P	NA	NA	NA	NA	NA	NA	NA	NA	NA
V92C-N149G	NA	NA	NA	NA	NA	NA	NA	NA	NA
L32L-F44T-N113N-I129I-L161I	NA	NA	NA	NA	NA	NA	NA	NA	NA
S40V-E95G-G114G-L161*	NA	NA	NA	NA	NA	NA	NA	NA	NA
S97C-K166W	NA	NA	NA	NA	NA	NA	NA	NA	NA
S97E	NA	NA	NA	NA	NA	NA	NA	NA	NA
K166F	NA	NA	NA	NA	NA	NA	NA	NA	NA
G143S	NA	NA	NA	NA	NA	NA	NA	NA	NA
A26E-G137E	NA	NA	NA	NA	NA	NA	NA	NA	NA
Y107S-F150E	NA	NA	NA	NA	NA	NA	NA	NA	NA
F150P	NA	NA	NA	NA	NA	NA	NA	NA	NA
S46N	NA	NA	NA	NA	NA	NA	NA	NA	NA
D108R-N162V	NA	NA	NA	NA	NA	NA	NA	NA	NA
G137L	NA	NA	NA	NA	NA	NA	NA	NA	NA
S27E-N70T-V109V-P111P-V159Q	NA	NA	NA	NA	NA	NA	NA	NA	NA
A152W	NA	NA	NA	NA	NA	NA	NA	NA	NA
S27K	NA	NA	NA	NA	NA	NA	NA	NA	NA
T34D-I60T-N113D-D117G-I169*	NA	NA	NA	NA	NA	NA	NA	NA	NA
T24T-K36N-V75T-V140Q-Q172*	NA	NA	NA	NA	NA	NA	NA	NA	NA
V92V-I165C	NA	NA	NA	NA	NA	NA	NA	NA	NA
Q3M-T38T-Q71R-S74P-E167T	NA	NA	NA	NA	NA	NA	NA	NA	NA
S97H	NA	NA	NA	NA	NA	NA	NA	NA	NA
M1V-K17*-L32L-F56G-T153R	NA	NA	NA	NA	NA	NA	NA	NA	NA
F44D	NA	NA	NA	NA	NA	NA	NA	NA	NA
F44L	NA	NA	NA	NA	NA	NA	NA	NA	NA
T48A-P100C-G114G-N139C-Q172M	NA	NA	NA	NA	NA	NA	NA	NA	NA
S27G-A77V-V142N-S160H	NA	NA	NA	NA	NA	NA	NA	NA	NA
P85A	NA	NA	NA	NA	NA	NA	NA	NA	NA
S97S-I129C-R156C-L171P-K175*	NA	NA	NA	NA	NA	NA	NA	NA	NA
W147F	NA	NA	NA	NA	NA	NA	NA	NA	NA
M1L-S74P-G118G-L171K	NA	NA	NA	NA	NA	NA	NA	NA	NA
V75Q-T151A-V164I-K166W	NA	NA	NA	NA	NA	NA	NA	NA	NA
D45T-D63G-V72V-L112L-L158D	NA	NA	NA	NA	NA	NA	NA	NA	NA
K36G	NA	NA	NA	NA	NA	NA	NA	NA	NA
G157*	NA	NA	NA	NA	NA	NA	NA	NA	NA
F56W	NA	NA	NA	NA	NA	NA	NA	NA	NA
S27P-P133E-N149P-E167G	NA	NA	NA	NA	NA	NA	NA	NA	NA
S28I-V140R	NA	NA	NA	NA	NA	NA	NA	NA	NA
T48A-H58Q-D130I-I168W	NA	NA	NA	NA	NA	NA	NA	NA	NA
L47R-E95D-S97Y-T135A-G137R-A152A-S160W	NA	NA	NA	NA	NA	NA	NA	NA	NA
V66S-V159L	NA	NA	NA	NA	NA	NA	NA	NA	NA
V99W-K166V	NA	NA	NA	NA	NA	NA	NA	NA	NA
T21C-V66A-E95*-D125A-F144W	NA	NA	NA	NA	NA	NA	NA	NA	NA
T4A-F81Q-V92L-S148N	NA	NA	NA	NA	NA	NA	NA	NA	NA
S98Y-I165T	NA	NA	NA	NA	NA	NA	NA	NA	NA
V109G	NA	NA	NA	NA	NA	NA	NA	NA	NA
T38E-P136R	NA	NA	NA	NA	NA	NA	NA	NA	NA
G137I	NA	NA	NA	NA	NA	NA	NA	NA	NA
F94G-V164T	NA	NA	NA	NA	NA	NA	NA	NA	NA
V23I-Y43L-F56F-F94V-E167*	NA	NA	NA	NA	NA	NA	NA	NA	NA
E167N	NA	NA	NA	NA	NA	NA	NA	NA	NA
S46H-S96A-V159T	NA	NA	NA	NA	NA	NA	NA	NA	NA
V164S	NA	NA	NA	NA	NA	NA	NA	NA	NA
S28S-L132R-G157Q-P173M	NA	NA	NA	NA	NA	NA	NA	NA	NA
C126A-T153R	NA	NA	NA	NA	NA	NA	NA	NA	NA
F87F-T102L-D108G-G137D-T151T	NA	NA	NA	NA	NA	NA	NA	NA	NA
T101V-G137*-V140V-G157F-V159V	NA	NA	NA	NA	NA	NA	NA	NA	NA
L18G	NA	NA	NA	NA	NA	NA	NA	NA	NA
D117F-Q172I	NA	NA	NA	NA	NA	NA	NA	NA	NA
Q33M	NA	NA	NA	NA	NA	NA	NA	NA	NA
L171H	NA	NA	NA	NA	NA	NA	NA	NA	NA
A37W	NA	NA	NA	NA	NA	NA	NA	NA	NA
P25P-I165C	NA	NA	NA	NA	NA	NA	NA	NA	NA
S46M-P111S-V123I-F144E	NA	NA	NA	NA	NA	NA	NA	NA	NA
F44C-G114G-I129R-I169P	NA	NA	NA	NA	NA	NA	NA	NA	NA
P35P-T101W-P136S-S148S-E167K	NA	NA	NA	NA	NA	NA	NA	NA	NA
V19*-D63D-Y107D-V164I-E167W	NA	NA	NA	NA	NA	NA	NA	NA	NA
S27D	NA	NA	NA	NA	NA	NA	NA	NA	NA
T64R-V159D	NA	NA	NA	NA	NA	NA	NA	NA	NA
T38T-C126Q-M145L-S160K	NA	NA	NA	NA	NA	NA	NA	NA	NA
M62I-V73V-I129S-V131*-G157Q	NA	NA	NA	NA	NA	NA	NA	NA	NA
A26K-N50D-T64K-R156H-G157M	NA	NA	NA	NA	NA	NA	NA	NA	NA
A29S-T151Q	NA	NA	NA	NA	NA	NA	NA	NA	NA
F94L-P100Q-T102T-P104Q-G114Q-R156E	NA	NA	NA	NA	NA	NA	NA	NA	NA
L20P-D63P-G118C-V140G-A152G	NA	NA	NA	NA	NA	NA	NA	NA	NA
G55W-K166N	NA	NA	NA	NA	NA	NA	NA	NA	NA
V99V-I165N	NA	NA	NA	NA	NA	NA	NA	NA	NA
A26V-K166N	NA	NA	NA	NA	NA	NA	NA	NA	NA
A89V	NA	NA	NA	NA	NA	NA	NA	NA	NA
C90*-F94L-A106A-V127S-P173M	NA	NA	NA	NA	NA	NA	NA	NA	NA
N70P	NA	NA	NA	NA	NA	NA	NA	NA	NA
H58K-K166N	NA	NA	NA	NA	NA	NA	NA	NA	NA
I165R	NA	NA	NA	NA	NA	NA	NA	NA	NA
Y107S-I165G	NA	NA	NA	NA	NA	NA	NA	NA	NA
L20Q	NA	NA	NA	NA	NA	NA	NA	NA	NA
G54L-N162K	NA	NA	NA	NA	NA	NA	NA	NA	NA
K166W	NA	NA	NA	NA	NA	NA	NA	NA	NA
N10H-V23V-P35G-C90W-V159Q	NA	NA	NA	NA	NA	NA	NA	NA	NA
A77H-R156T	NA	NA	NA	NA	NA	NA	NA	NA	NA
F44W-F150Y	NA	NA	NA	NA	NA	NA	NA	NA	NA
F56I-V146Q	NA	NA	NA	NA	NA	NA	NA	NA	NA
F14E	NA	NA	NA	NA	NA	NA	NA	NA	NA
L32S-V159V	NA	NA	NA	NA	NA	NA	NA	NA	NA
S160C	NA	NA	NA	NA	NA	NA	NA	NA	NA
S11S-V23I-S96S-R156T	NA	NA	NA	NA	NA	NA	NA	NA	NA
A37Q-S97A-C126Y-T153E-L158V	NA	NA	NA	NA	NA	NA	NA	NA	NA
A69V-K86E-L91K-T101P-V159T	NA	NA	NA	NA	NA	NA	NA	NA	NA
N113A-Y141T	NA	NA	NA	NA	NA	NA	NA	NA	NA
N67H-L161M	NA	NA	NA	NA	NA	NA	NA	NA	NA
V127*-C155E	NA	NA	NA	NA	NA	NA	NA	NA	NA
T38T-E95A-N113N-V131H-G143N	NA	NA	NA	NA	NA	NA	NA	NA	NA
L32L-V72R-S97S-N138S-S148N	NA	NA	NA	NA	NA	NA	NA	NA	NA
P35E	NA	NA	NA	NA	NA	NA	NA	NA	NA
A77A-T102N-V127G-D130W-C170G	NA	NA	NA	NA	NA	NA	NA	NA	NA
N138P	NA	NA	NA	NA	NA	NA	NA	NA	NA
G114G-N138A	NA	NA	NA	NA	NA	NA	NA	NA	NA
N70S-V99G-T122*-S160K	NA	NA	NA	NA	NA	NA	NA	NA	NA
V92H-E167P	NA	NA	NA	NA	NA	NA	NA	NA	NA
Y120A-V164I	NA	NA	NA	NA	NA	NA	NA	NA	NA
Y121E-T151S	NA	NA	NA	NA	NA	NA	NA	NA	NA
S65E-W147D	NA	NA	NA	NA	NA	NA	NA	NA	NA
S65V-N162H	NA	NA	NA	NA	NA	NA	NA	NA	NA
F5E-E95D-G118V-G143V-N162K-K175W	NA	NA	NA	NA	NA	NA	NA	NA	NA
G54T-T64I-S96A-R156F	NA	NA	NA	NA	NA	NA	NA	NA	NA
T34S-F144L	NA	NA	NA	NA	NA	NA	NA	NA	NA
T38Y	NA	NA	NA	NA	NA	NA	NA	NA	NA
T21K-F144I	NA	NA	NA	NA	NA	NA	NA	NA	NA
S11R-V140L	NA	NA	NA	NA	NA	NA	NA	NA	NA
Q33T-L161I	NA	NA	NA	NA	NA	NA	NA	NA	NA
D117H	NA	NA	NA	NA	NA	NA	NA	NA	NA
R115M-K154E	NA	NA	NA	NA	NA	NA	NA	NA	NA
T102I-K175H	NA	NA	NA	NA	NA	NA	NA	NA	NA
M62R-V142V	NA	NA	NA	NA	NA	NA	NA	NA	NA
A77F-Q172M	NA	NA	NA	NA	NA	NA	NA	NA	NA
P133K	NA	NA	NA	NA	NA	NA	NA	NA	NA
G143C	NA	NA	NA	NA	NA	NA	NA	NA	NA
C126T-E167Q	NA	NA	NA	NA	NA	NA	NA	NA	NA
L20K	NA	NA	NA	NA	NA	NA	NA	NA	NA
Q163*	NA	NA	NA	NA	NA	NA	NA	NA	NA
Y120H-V142G	NA	NA	NA	NA	NA	NA	NA	NA	NA
L42R-L158V	NA	NA	NA	NA	NA	NA	NA	NA	NA
V127G-W147T	NA	NA	NA	NA	NA	NA	NA	NA	NA
P25Y-D130N-W147*-F150M	NA	NA	NA	NA	NA	NA	NA	NA	NA
L47R-C155G	NA	NA	NA	NA	NA	NA	NA	NA	NA
D16H-F144L	NA	NA	NA	NA	NA	NA	NA	NA	NA
A80V-E167E	NA	NA	NA	NA	NA	NA	NA	NA	NA
D16V-A77Q-N138I-T151E	NA	NA	NA	NA	NA	NA	NA	NA	NA
P133Q-W147S	NA	NA	NA	NA	NA	NA	NA	NA	NA
V146A	NA	NA	NA	NA	NA	NA	NA	NA	NA
Y141W	NA	NA	NA	NA	NA	NA	NA	NA	NA
R93L-E167W	NA	NA	NA	NA	NA	NA	NA	NA	NA
F44S-Y121N-L158S-K166L	NA	NA	NA	NA	NA	NA	NA	NA	NA
F44V-S160Y	NA	NA	NA	NA	NA	NA	NA	NA	NA
N113M-I165F	NA	NA	NA	NA	NA	NA	NA	NA	NA
P35R-S148I	NA	NA	NA	NA	NA	NA	NA	NA	NA
F14R-F81F-P173E	NA	NA	NA	NA	NA	NA	NA	NA	NA
Y107V	NA	NA	NA	NA	NA	NA	NA	NA	NA
N113K-L174M	NA	NA	NA	NA	NA	NA	NA	NA	NA
V131I	NA	NA	NA	NA	NA	NA	NA	NA	NA
C90G-D108S-C170Q	NA	NA	NA	NA	NA	NA	NA	NA	NA
S7C-L171N	NA	NA	NA	NA	NA	NA	NA	NA	NA
T64Y	NA	NA	NA	NA	NA	NA	NA	NA	NA
V109*-Y141K	NA	NA	NA	NA	NA	NA	NA	NA	NA
A29G-G143G	NA	NA	NA	NA	NA	NA	NA	NA	NA
I6T-L18C-I60Q-F94L-K166D	NA	NA	NA	NA	NA	NA	NA	NA	NA
T38S-D63W-N139N-C170I	NA	NA	NA	NA	NA	NA	NA	NA	NA
D63L-Y141H	NA	NA	NA	NA	NA	NA	NA	NA	NA
S74S-K175Q	NA	NA	NA	NA	NA	NA	NA	NA	NA
I60P	NA	NA	NA	NA	NA	NA	NA	NA	NA
V92*	NA	NA	NA	NA	NA	NA	NA	NA	NA
N113T	NA	NA	NA	NA	NA	NA	NA	NA	NA
A51A-V73V-F88N-Y120*-K166L	NA	NA	NA	NA	NA	NA	NA	NA	NA
T38Q-K166R	NA	NA	NA	NA	NA	NA	NA	NA	NA
F44C	NA	NA	NA	NA	NA	NA	NA	NA	NA
S74S	NA	NA	NA	NA	NA	NA	NA	NA	NA
V23C	NA	NA	NA	NA	NA	NA	NA	NA	NA
P85M-G157S	NA	NA	NA	NA	NA	NA	NA	NA	NA
V127T-P136I	NA	NA	NA	NA	NA	NA	NA	NA	NA
Q61P-Y110N-L171N	NA	NA	NA	NA	NA	NA	NA	NA	NA
P25I-A152G	NA	NA	NA	NA	NA	NA	NA	NA	NA
S160Q	NA	NA	NA	NA	NA	NA	NA	NA	NA
F14A-P85P-G143E-C170C	NA	NA	NA	NA	NA	NA	NA	NA	NA
M62*	NA	NA	NA	NA	NA	NA	NA	NA	NA
G143W	NA	NA	NA	NA	NA	NA	NA	NA	NA
D117*-P173*	NA	NA	NA	NA	NA	NA	NA	NA	NA
G119Y-L171N	NA	NA	NA	NA	NA	NA	NA	NA	NA
R93V-Y141F	NA	NA	NA	NA	NA	NA	NA	NA	NA
F14L-D16G-L20I-P25M-L57P-V142L	NA	NA	NA	NA	NA	NA	NA	NA	NA
K175D	NA	NA	NA	NA	NA	NA	NA	NA	NA
F14S	NA	NA	NA	NA	NA	NA	NA	NA	NA
T102M-A152A-L158S	NA	NA	NA	NA	NA	NA	NA	NA	NA
L132I-P136M	NA	NA	NA	NA	NA	NA	NA	NA	NA
M1L-H9Q-F44N-T151M	NA	NA	NA	NA	NA	NA	NA	NA	NA
S46C	NA	NA	NA	NA	NA	NA	NA	NA	NA
N67Y-Y120H-N149A-Q172L	NA	NA	NA	NA	NA	NA	NA	NA	NA
D130E-C170D-Q172*	NA	NA	NA	NA	NA	NA	NA	NA	NA
M62C-K166P	NA	NA	NA	NA	NA	NA	NA	NA	NA
H9T-T38T-F94L-L103P-N138*	NA	NA	NA	NA	NA	NA	NA	NA	NA
V73K	NA	NA	NA	NA	NA	NA	NA	NA	NA
N12D-S27D-L42L-S97P-G137Y	NA	NA	NA	NA	NA	NA	NA	NA	NA
Q33N-F144A	NA	NA	NA	NA	NA	NA	NA	NA	NA
N53A-E167E	NA	NA	NA	NA	NA	NA	NA	NA	NA
Y121I	NA	NA	NA	NA	NA	NA	NA	NA	NA
V127*-V164S	NA	NA	NA	NA	NA	NA	NA	NA	NA
I79Q-Y141D	NA	NA	NA	NA	NA	NA	NA	NA	NA
S27P-C170A	NA	NA	NA	NA	NA	NA	NA	NA	NA
D63T	NA	NA	NA	NA	NA	NA	NA	NA	NA
L158H	NA	NA	NA	NA	NA	NA	NA	NA	NA
T122W-T151W	NA	NA	NA	NA	NA	NA	NA	NA	NA
S27D-T151W	NA	NA	NA	NA	NA	NA	NA	NA	NA
S28Y-F150*	NA	NA	NA	NA	NA	NA	NA	NA	NA
F2L-F14L-K86P-I165D	NA	NA	NA	NA	NA	NA	NA	NA	NA
S96S-I169M	NA	NA	NA	NA	NA	NA	NA	NA	NA
V31N-P136A	NA	NA	NA	NA	NA	NA	NA	NA	NA
S39T-Q71R-V92P-G143G	NA	NA	NA	NA	NA	NA	NA	NA	NA
K124A-F144F-L161L	NA	NA	NA	NA	NA	NA	NA	NA	NA
Q61R-Q163P	NA	NA	NA	NA	NA	NA	NA	NA	NA
V19S-S39L-L57L-L112V-N138Q-L171P	NA	NA	NA	NA	NA	NA	NA	NA	NA
C126P-I168G	NA	NA	NA	NA	NA	NA	NA	NA	NA
V23Y-W147Q	NA	NA	NA	NA	NA	NA	NA	NA	NA
V72T-Q163R	NA	NA	NA	NA	NA	NA	NA	NA	NA
Y110P	NA	NA	NA	NA	NA	NA	NA	NA	NA
L42L-K124M-T128Q-Y141F-T153G	NA	NA	NA	NA	NA	NA	NA	NA	NA
L91S-N162A	NA	NA	NA	NA	NA	NA	NA	NA	NA
D84P-T153T	NA	NA	NA	NA	NA	NA	NA	NA	NA
M62L-D78W-M145V-K175*	NA	NA	NA	NA	NA	NA	NA	NA	NA
L132W-F144Q	NA	NA	NA	NA	NA	NA	NA	NA	NA
P133M-V159I	NA	NA	NA	NA	NA	NA	NA	NA	NA
T41Y-I60V-Y107H-Q163W	NA	NA	NA	NA	NA	NA	NA	NA	NA
P30C	NA	NA	NA	NA	NA	NA	NA	NA	NA
G114S-L174Q	NA	NA	NA	NA	NA	NA	NA	NA	NA
D117E-C126G-D130I-T153*-P173P	NA	NA	NA	NA	NA	NA	NA	NA	NA
M62T-L171N	NA	NA	NA	NA	NA	NA	NA	NA	NA
Y107K-A152D	NA	NA	NA	NA	NA	NA	NA	NA	NA
K154P	NA	NA	NA	NA	NA	NA	NA	NA	NA
K154H	NA	NA	NA	NA	NA	NA	NA	NA	NA
Y110T-N162K	NA	NA	NA	NA	NA	NA	NA	NA	NA
Q3H-T24C-S148K	NA	NA	NA	NA	NA	NA	NA	NA	NA
V159V	NA	NA	NA	NA	NA	NA	NA	NA	NA
N138M	NA	NA	NA	NA	NA	NA	NA	NA	NA
P35W-N138Q	NA	NA	NA	NA	NA	NA	NA	NA	NA
S97K-P136H	NA	NA	NA	NA	NA	NA	NA	NA	NA
N10V-T153F	NA	NA	NA	NA	NA	NA	NA	NA	NA
V109Q-I165M	NA	NA	NA	NA	NA	NA	NA	NA	NA
P25P-T153N	NA	NA	NA	NA	NA	NA	NA	NA	NA
T153S	NA	NA	NA	NA	NA	NA	NA	NA	NA
D117H-T153N	NA	NA	NA	NA	NA	NA	NA	NA	NA
D78P-T153N	NA	NA	NA	NA	NA	NA	NA	NA	NA
R8T-Q163W	NA	NA	NA	NA	NA	NA	NA	NA	NA
K86G-T153P	NA	NA	NA	NA	NA	NA	NA	NA	NA
K86L-T153K	NA	NA	NA	NA	NA	NA	NA	NA	NA
S11L-S65Q-P173Y	NA	NA	NA	NA	NA	NA	NA	NA	NA
K36P-K166E	NA	NA	NA	NA	NA	NA	NA	NA	NA
S39I-F44F-T151L-Q172R	NA	NA	NA	NA	NA	NA	NA	NA	NA
N67W-K124M-L161E	NA	NA	NA	NA	NA	NA	NA	NA	NA
F44L-D117E-T122V-M145E	NA	NA	NA	NA	NA	NA	NA	NA	NA
S97Q-L171K	NA	NA	NA	NA	NA	NA	NA	NA	NA
S22S-Q61I-S96A-H116L-V159S	NA	NA	NA	NA	NA	NA	NA	NA	NA
Y120H-L171A	NA	NA	NA	NA	NA	NA	NA	NA	NA
N70R-A106A-G118G-L174Q	NA	NA	NA	NA	NA	NA	NA	NA	NA
V140E	NA	NA	NA	NA	NA	NA	NA	NA	NA
P85Q-K175Y	NA	NA	NA	NA	NA	NA	NA	NA	NA
V72K-L158V	NA	NA	NA	NA	NA	NA	NA	NA	NA
I79L-T153T-C155I	NA	NA	NA	NA	NA	NA	NA	NA	NA
S11M-I169F	NA	NA	NA	NA	NA	NA	NA	NA	NA
S27R	NA	NA	NA	NA	NA	NA	NA	NA	NA
A68V-I129W-V140W-F150L	NA	NA	NA	NA	NA	NA	NA	NA	NA
T105V-V140V	NA	NA	NA	NA	NA	NA	NA	NA	NA
A77Q-P136F	NA	NA	NA	NA	NA	NA	NA	NA	NA
I79Q	NA	NA	NA	NA	NA	NA	NA	NA	NA
A106D-G157Y	NA	NA	NA	NA	NA	NA	NA	NA	NA
G54A-G157T	NA	NA	NA	NA	NA	NA	NA	NA	NA
S65H-T151G	NA	NA	NA	NA	NA	NA	NA	NA	NA
L20N	NA	NA	NA	NA	NA	NA	NA	NA	NA
T38L	NA	NA	NA	NA	NA	NA	NA	NA	NA
S74M-P136G	NA	NA	NA	NA	NA	NA	NA	NA	NA
P85G-P136G	NA	NA	NA	NA	NA	NA	NA	NA	NA
T122W-V140P	NA	NA	NA	NA	NA	NA	NA	NA	NA
T21A-N70R-P136P-M145T	NA	NA	NA	NA	NA	NA	NA	NA	NA
V164P	NA	NA	NA	NA	NA	NA	NA	NA	NA
L132H-K175V	NA	NA	NA	NA	NA	NA	NA	NA	NA
H58L-A83F-C170Q	NA	NA	NA	NA	NA	NA	NA	NA	NA
S27S-P85*-K154K-C155Y-L171H	NA	NA	NA	NA	NA	NA	NA	NA	NA
F13G-V164R	NA	NA	NA	NA	NA	NA	NA	NA	NA
V127Q-V142P	NA	NA	NA	NA	NA	NA	NA	NA	NA
F56W-V142P	NA	NA	NA	NA	NA	NA	NA	NA	NA
P85A-I165A	NA	NA	NA	NA	NA	NA	NA	NA	NA
N113V-L174F	NA	NA	NA	NA	NA	NA	NA	NA	NA
S96S-V127Y-L158L-I169W	NA	NA	NA	NA	NA	NA	NA	NA	NA
S27P-V31A-D45W-M145E	NA	NA	NA	NA	NA	NA	NA	NA	NA
P25S-A29W-F94F-E95*-G143P	NA	NA	NA	NA	NA	NA	NA	NA	NA
C90Q-H116R-T135A-M145Q	NA	NA	NA	NA	NA	NA	NA	NA	NA
N50I-V73P-I79T-N162*	NA	NA	NA	NA	NA	NA	NA	NA	NA
F14L-T34W-L103F-I169E	NA	NA	NA	NA	NA	NA	NA	NA	NA
S46A-C155T	NA	NA	NA	NA	NA	NA	NA	NA	NA
V19V-S27S-P133F-N162*	NA	NA	NA	NA	NA	NA	NA	NA	NA
A106N	NA	NA	NA	NA	NA	NA	NA	NA	NA
Q163R	NA	NA	NA	NA	NA	NA	NA	NA	NA
F94S-K175N	NA	NA	NA	NA	NA	NA	NA	NA	NA
N67N-V123W-V164T-K166I	NA	NA	NA	NA	NA	NA	NA	NA	NA
P100E-A152F	NA	NA	NA	NA	NA	NA	NA	NA	NA
Y110G-V140Y	NA	NA	NA	NA	NA	NA	NA	NA	NA
V66K-H116R-S148P-L171I	NA	NA	NA	NA	NA	NA	NA	NA	NA
S27Q-W147T	NA	NA	NA	NA	NA	NA	NA	NA	NA
S28T-L161F	NA	NA	NA	NA	NA	NA	NA	NA	NA
D84V-R156D-E167I	NA	NA	NA	NA	NA	NA	NA	NA	NA
A26T-A29T-V99E-V159V-E167*	NA	NA	NA	NA	NA	NA	NA	NA	NA
T34T-P85E-T101T-V164K	NA	NA	NA	NA	NA	NA	NA	NA	NA
V92C	NA	NA	NA	NA	NA	NA	NA	NA	NA
P25R-F144E	NA	NA	NA	NA	NA	NA	NA	NA	NA
A106M-R156H	NA	NA	NA	NA	NA	NA	NA	NA	NA
V127E-M145Q	NA	NA	NA	NA	NA	NA	NA	NA	NA
V23N-I168F	NA	NA	NA	NA	NA	NA	NA	NA	NA
S65M-K154*	NA	NA	NA	NA	NA	NA	NA	NA	NA
T24T-A68W-V159A-L161Y	NA	NA	NA	NA	NA	NA	NA	NA	NA
P35K-S96S-V140Q-L171I	NA	NA	NA	NA	NA	NA	NA	NA	NA
G55G-V72K-T153L	NA	NA	NA	NA	NA	NA	NA	NA	NA
C126Q-Y141D	NA	NA	NA	NA	NA	NA	NA	NA	NA
T24C-V142M	NA	NA	NA	NA	NA	NA	NA	NA	NA
A29A-V31N-T41M-V99G-N162V	NA	NA	NA	NA	NA	NA	NA	NA	NA
F88A	NA	NA	NA	NA	NA	NA	NA	NA	NA
S74P-V123Q-W147R-K175Y	NA	NA	NA	NA	NA	NA	NA	NA	NA
S28T-D78R-N138L	NA	NA	NA	NA	NA	NA	NA	NA	NA
V72R-A152V	NA	NA	NA	NA	NA	NA	NA	NA	NA
P85P-K86P-Q163K-I165S	NA	NA	NA	NA	NA	NA	NA	NA	NA
P25G-V140*	NA	NA	NA	NA	NA	NA	NA	NA	NA
P25D-Q33L-V72G-M145V-K175P	NA	NA	NA	NA	NA	NA	NA	NA	NA
P35G-N53D-G143N-I168N	NA	NA	NA	NA	NA	NA	NA	NA	NA
Q3*-S27A-F87R-S97S-G137D	NA	NA	NA	NA	NA	NA	NA	NA	NA
S7S-F56Q-P100P-V146A-V164E	NA	NA	NA	NA	NA	NA	NA	NA	NA
T101R-I168H	NA	NA	NA	NA	NA	NA	NA	NA	NA
T41A-D45Y-T122E-K154F	NA	NA	NA	NA	NA	NA	NA	NA	NA
L91C-R156N	NA	NA	NA	NA	NA	NA	NA	NA	NA
F14V-T151H	NA	NA	NA	NA	NA	NA	NA	NA	NA
K36K-D63V-L103E-G157M	NA	NA	NA	NA	NA	NA	NA	NA	NA
S27E-G157N	NA	NA	NA	NA	NA	NA	NA	NA	NA
F87Q-F94V-S97S-N138D-V146P	NA	NA	NA	NA	NA	NA	NA	NA	NA
V72A-S96C-T105N-A106A-G137M-T153A	NA	NA	NA	NA	NA	NA	NA	NA	NA
K86A-K166*	NA	NA	NA	NA	NA	NA	NA	NA	NA
F14W-K166*	NA	NA	NA	NA	NA	NA	NA	NA	NA
T34D-A152H	NA	NA	NA	NA	NA	NA	NA	NA	NA
S28E-T34T-G118G-K154G	NA	NA	NA	NA	NA	NA	NA	NA	NA
V72Q-V142Q	NA	NA	NA	NA	NA	NA	NA	NA	NA
N12H-V142*	NA	NA	NA	NA	NA	NA	NA	NA	NA
P25L-G157D	NA	NA	NA	NA	NA	NA	NA	NA	NA
V23P-K86E-V146A-E167*	NA	NA	NA	NA	NA	NA	NA	NA	NA
Y121Q-K154D	NA	NA	NA	NA	NA	NA	NA	NA	NA
F44H-L57F-T153A-L158K	NA	NA	NA	NA	NA	NA	NA	NA	NA
L112P-S160M	NA	NA	NA	NA	NA	NA	NA	NA	NA
V131K-V159E	NA	NA	NA	NA	NA	NA	NA	NA	NA
S28K-I165A	NA	NA	NA	NA	NA	NA	NA	NA	NA
S148W	NA	NA	NA	NA	NA	NA	NA	NA	NA
V31C-S46S-T101T-I165P	NA	NA	NA	NA	NA	NA	NA	NA	NA
G76K-Y121*-F150L-V159I	NA	NA	NA	NA	NA	NA	NA	NA	NA
V127I-P173P	NA	NA	NA	NA	NA	NA	NA	NA	NA
D82*-C90R-R156F-L161L	NA	NA	NA	NA	NA	NA	NA	NA	NA
D78P-A152E	NA	NA	NA	NA	NA	NA	NA	NA	NA
F13F-F44K-F56F-D125G-V159S	NA	NA	NA	NA	NA	NA	NA	NA	NA
D45Q-C155N	NA	NA	NA	NA	NA	NA	NA	NA	NA
T34W-N138Q	NA	NA	NA	NA	NA	NA	NA	NA	NA
A83Q-K154Q	NA	NA	NA	NA	NA	NA	NA	NA	NA
A83D-R156H	NA	NA	NA	NA	NA	NA	NA	NA	NA
I79F-W147K	NA	NA	NA	NA	NA	NA	NA	NA	NA
K86R-T151T-E167E	NA	NA	NA	NA	NA	NA	NA	NA	NA
L132N-F144L	NA	NA	NA	NA	NA	NA	NA	NA	NA
T34T-P136V	NA	NA	NA	NA	NA	NA	NA	NA	NA
S65T-L161R	NA	NA	NA	NA	NA	NA	NA	NA	NA
T34C-K86R-V109A-V142*	NA	NA	NA	NA	NA	NA	NA	NA	NA
K154W	NA	NA	NA	NA	NA	NA	NA	NA	NA
D130R-K175W	NA	NA	NA	NA	NA	NA	NA	NA	NA
S7S-I60Q-V109V-K154G	NA	NA	NA	NA	NA	NA	NA	NA	NA
S15E-V109A-T153T-G157S	NA	NA	NA	NA	NA	NA	NA	NA	NA
A26T-L174R	NA	NA	NA	NA	NA	NA	NA	NA	NA
A37A-L57P-T122Y-V159*	NA	NA	NA	NA	NA	NA	NA	NA	NA
T105C-T151Y	NA	NA	NA	NA	NA	NA	NA	NA	NA
K124T-F150C	NA	NA	NA	NA	NA	NA	NA	NA	NA
C90P-P173C	NA	NA	NA	NA	NA	NA	NA	NA	NA
V31V-T64T-K124F-T153A	NA	NA	NA	NA	NA	NA	NA	NA	NA
D125F-M145I	NA	NA	NA	NA	NA	NA	NA	NA	NA
A26T-P136Q	NA	NA	NA	NA	NA	NA	NA	NA	NA
S7P-A26*-T151S-V159*	NA	NA	NA	NA	NA	NA	NA	NA	NA
G76Q	NA	NA	NA	NA	NA	NA	NA	NA	NA
S27M-I168L	NA	NA	NA	NA	NA	NA	NA	NA	NA
M1V-S97*-T122H-V127V-N162K	NA	NA	NA	NA	NA	NA	NA	NA	NA
S98E-P136L	NA	NA	NA	NA	NA	NA	NA	NA	NA
S65T-N139T	NA	NA	NA	NA	NA	NA	NA	NA	NA
D84M-V140P	NA	NA	NA	NA	NA	NA	NA	NA	NA
Y121P	NA	NA	NA	NA	NA	NA	NA	NA	NA
Y121A-V159G	NA	NA	NA	NA	NA	NA	NA	NA	NA
L132G-N138R	NA	NA	NA	NA	NA	NA	NA	NA	NA
D78T-N138N	NA	NA	NA	NA	NA	NA	NA	NA	NA
D63P-F94S-G143L	NA	NA	NA	NA	NA	NA	NA	NA	NA
I60T-F81T-V142I-T153K	NA	NA	NA	NA	NA	NA	NA	NA	NA
F14F-H58R-D63W-F150Y-T153N	NA	NA	NA	NA	NA	NA	NA	NA	NA
Q33R	NA	NA	NA	NA	NA	NA	NA	NA	NA
A68Q-N138S	NA	NA	NA	NA	NA	NA	NA	NA	NA
K36L-I165T	NA	NA	NA	NA	NA	NA	NA	NA	NA
V131S-I169R	NA	NA	NA	NA	NA	NA	NA	NA	NA
V99E-T153K	NA	NA	NA	NA	NA	NA	NA	NA	NA
P173R	NA	NA	NA	NA	NA	NA	NA	NA	NA
P35S-V99A-W147Q	NA	NA	NA	NA	NA	NA	NA	NA	NA
S40S-T64T-P85W-V142H-V159A	NA	NA	NA	NA	NA	NA	NA	NA	NA
F13F-T21A-I79W-K175A	NA	NA	NA	NA	NA	NA	NA	NA	NA
L32H-F56*-Y110C-V142T	NA	NA	NA	NA	NA	NA	NA	NA	NA
G119V-T151L	NA	NA	NA	NA	NA	NA	NA	NA	NA
V99N-I169C	NA	NA	NA	NA	NA	NA	NA	NA	NA
T34F-I168*	NA	NA	NA	NA	NA	NA	NA	NA	NA
H58S-A152S	NA	NA	NA	NA	NA	NA	NA	NA	NA
P133Y	NA	NA	NA	NA	NA	NA	NA	NA	NA
T101C-G157A	NA	NA	NA	NA	NA	NA	NA	NA	NA
V142W	NA	NA	NA	NA	NA	NA	NA	NA	NA
V142S	NA	NA	NA	NA	NA	NA	NA	NA	NA
P30P-A51K-D78D-G143E	NA	NA	NA	NA	NA	NA	NA	NA	NA
T41E	NA	NA	NA	NA	NA	NA	NA	NA	NA
V99*-V159D	NA	NA	NA	NA	NA	NA	NA	NA	NA
C59Q-G143T	NA	NA	NA	NA	NA	NA	NA	NA	NA
Q3N-N70T-D108E-I169*	NA	NA	NA	NA	NA	NA	NA	NA	NA
F44S-T64L-V99F-T101P-G143R	NA	NA	NA	NA	NA	NA	NA	NA	NA
T122S-P136H	NA	NA	NA	NA	NA	NA	NA	NA	NA
D63V-G143N	NA	NA	NA	NA	NA	NA	NA	NA	NA
H58H-F87K-C126R-S160Y	NA	NA	NA	NA	NA	NA	NA	NA	NA
A83Q-K86R-V140N-N149D	NA	NA	NA	NA	NA	NA	NA	NA	NA
S28E-S148*	NA	NA	NA	NA	NA	NA	NA	NA	NA
A83L	NA	NA	NA	NA	NA	NA	NA	NA	NA
S46M-I168R	NA	NA	NA	NA	NA	NA	NA	NA	NA
T128P-T153*	NA	NA	NA	NA	NA	NA	NA	NA	NA
S7S-D63W-T101S-S160L	NA	NA	NA	NA	NA	NA	NA	NA	NA
T34W-K166E	NA	NA	NA	NA	NA	NA	NA	NA	NA
T64I-R156N	NA	NA	NA	NA	NA	NA	NA	NA	NA
L32D-F81L-F150C-V159A	NA	NA	NA	NA	NA	NA	NA	NA	NA
P85S-N138G	NA	NA	NA	NA	NA	NA	NA	NA	NA
F2L-V109F-Y110Y-H116Y-T128A-Y141R	NA	NA	NA	NA	NA	NA	NA	NA	NA
F44H-I168E	NA	NA	NA	NA	NA	NA	NA	NA	NA
L42D-V146I	NA	NA	NA	NA	NA	NA	NA	NA	NA
V66A-N113Y-V123W-I168C	NA	NA	NA	NA	NA	NA	NA	NA	NA
G119L-L158A	NA	NA	NA	NA	NA	NA	NA	NA	NA
M1L-C59R-N67S-C90K-L174Y	NA	NA	NA	NA	NA	NA	NA	NA	NA
G114V-V140F	NA	NA	NA	NA	NA	NA	NA	NA	NA
V123W-Y141D	NA	NA	NA	NA	NA	NA	NA	NA	NA
I79Y-N162G	NA	NA	NA	NA	NA	NA	NA	NA	NA
L103P-T105A-P133*-G157T	NA	NA	NA	NA	NA	NA	NA	NA	NA
P133A-T153Y	NA	NA	NA	NA	NA	NA	NA	NA	NA
L20L-D84N-P100G-F150A	NA	NA	NA	NA	NA	NA	NA	NA	NA
S65N-S98A-G137C-T151*-N162N	NA	NA	NA	NA	NA	NA	NA	NA	NA
I169P	NA	NA	NA	NA	NA	NA	NA	NA	NA
A29Y-K166D	NA	NA	NA	NA	NA	NA	NA	NA	NA
F5S-P104F-G157G-S160T	NA	NA	NA	NA	NA	NA	NA	NA	NA
V19Y-P136S	NA	NA	NA	NA	NA	NA	NA	NA	NA
C90I-N162G	NA	NA	NA	NA	NA	NA	NA	NA	NA
N162S	NA	NA	NA	NA	NA	NA	NA	NA	NA
A37W-N162R	NA	NA	NA	NA	NA	NA	NA	NA	NA
T64L-N162R	NA	NA	NA	NA	NA	NA	NA	NA	NA
G55K-N162R	NA	NA	NA	NA	NA	NA	NA	NA	NA
F13L-Y43V-F56S-I165P	NA	NA	NA	NA	NA	NA	NA	NA	NA
H116T-V140I	NA	NA	NA	NA	NA	NA	NA	NA	NA
A77Y-G157V	NA	NA	NA	NA	NA	NA	NA	NA	NA
V146N	NA	NA	NA	NA	NA	NA	NA	NA	NA
S27T-C155I	NA	NA	NA	NA	NA	NA	NA	NA	NA
L42T-Q71P-L112M-V159P	NA	NA	NA	NA	NA	NA	NA	NA	NA
K36P-F150W	NA	NA	NA	NA	NA	NA	NA	NA	NA
G76T-K124E-G157P-E167Q	NA	NA	NA	NA	NA	NA	NA	NA	NA
V23R-I79V-D108G-I165G	NA	NA	NA	NA	NA	NA	NA	NA	NA
F87D-G143E	NA	NA	NA	NA	NA	NA	NA	NA	NA
F13K-G137Q	NA	NA	NA	NA	NA	NA	NA	NA	NA
Y43G-L161A	NA	NA	NA	NA	NA	NA	NA	NA	NA
Y43H-T102N-T105T-V131*-T151*	NA	NA	NA	NA	NA	NA	NA	NA	NA
F5S-T38W-L42S-F144*	NA	NA	NA	NA	NA	NA	NA	NA	NA
N12F-K166M	NA	NA	NA	NA	NA	NA	NA	NA	NA
V31L-N138K	NA	NA	NA	NA	NA	NA	NA	NA	NA
C59P-V164W	NA	NA	NA	NA	NA	NA	NA	NA	NA
L18P-I169E	NA	NA	NA	NA	NA	NA	NA	NA	NA
D63D-V75A-Q163A	NA	NA	NA	NA	NA	NA	NA	NA	NA
C90S	NA	NA	NA	NA	NA	NA	NA	NA	NA
F87K-V159S	NA	NA	NA	NA	NA	NA	NA	NA	NA
V109P-G157F	NA	NA	NA	NA	NA	NA	NA	NA	NA
F88K-T151C	NA	NA	NA	NA	NA	NA	NA	NA	NA
T34D-P136N	NA	NA	NA	NA	NA	NA	NA	NA	NA
L57F-H58T-L132L-F150N	NA	NA	NA	NA	NA	NA	NA	NA	NA
L112D	NA	NA	NA	NA	NA	NA	NA	NA	NA
Y43P-N138I	NA	NA	NA	NA	NA	NA	NA	NA	NA
S97C-N139T	NA	NA	NA	NA	NA	NA	NA	NA	NA
L91N-V142D	NA	NA	NA	NA	NA	NA	NA	NA	NA
T34*-P136W	NA	NA	NA	NA	NA	NA	NA	NA	NA
P30Y-I165H	NA	NA	NA	NA	NA	NA	NA	NA	NA
A106W	NA	NA	NA	NA	NA	NA	NA	NA	NA
F56N-V109V-D130G-P136*	NA	NA	NA	NA	NA	NA	NA	NA	NA
F56E-S148A	NA	NA	NA	NA	NA	NA	NA	NA	NA
S27A-K154G	NA	NA	NA	NA	NA	NA	NA	NA	NA
N70C-T153W-C155S-N162S	NA	NA	NA	NA	NA	NA	NA	NA	NA
G55W-T122D-V159T	NA	NA	NA	NA	NA	NA	NA	NA	NA
L103Y-V159N	NA	NA	NA	NA	NA	NA	NA	NA	NA
V72*-S96A-L112V-V140Q-I169T	NA	NA	NA	NA	NA	NA	NA	NA	NA
D63C	NA	NA	NA	NA	NA	NA	NA	NA	NA
V75D-N139P	NA	NA	NA	NA	NA	NA	NA	NA	NA
N139W	NA	NA	NA	NA	NA	NA	NA	NA	NA
T34M-L161A	NA	NA	NA	NA	NA	NA	NA	NA	NA
S15M-C170C	NA	NA	NA	NA	NA	NA	NA	NA	NA
V31L-A152I	NA	NA	NA	NA	NA	NA	NA	NA	NA
P85A-K154M	NA	NA	NA	NA	NA	NA	NA	NA	NA
F44R-V75V-S160H-I169T	NA	NA	NA	NA	NA	NA	NA	NA	NA
T24T-F87E-F94L-Q172K	NA	NA	NA	NA	NA	NA	NA	NA	NA
T101*-F150C	NA	NA	NA	NA	NA	NA	NA	NA	NA
F13L-Y120Y-C126Q-F150A	NA	NA	NA	NA	NA	NA	NA	NA	NA
M62I-F94V-V109N-S148M	NA	NA	NA	NA	NA	NA	NA	NA	NA
T38C-I165S	NA	NA	NA	NA	NA	NA	NA	NA	NA
D130S-T151I	NA	NA	NA	NA	NA	NA	NA	NA	NA
G76*-Y141C	NA	NA	NA	NA	NA	NA	NA	NA	NA
A106S-T151W	NA	NA	NA	NA	NA	NA	NA	NA	NA
S28C-V164L	NA	NA	NA	NA	NA	NA	NA	NA	NA
T38*-C155N	NA	NA	NA	NA	NA	NA	NA	NA	NA
Y43W-M145T	NA	NA	NA	NA	NA	NA	NA	NA	NA
P100*-L171L	NA	NA	NA	NA	NA	NA	NA	NA	NA
K154G	NA	NA	NA	NA	NA	NA	NA	NA	NA
S74P-Q163Y	NA	NA	NA	NA	NA	NA	NA	NA	NA
D78S-R93R-F150D-R156R	NA	NA	NA	NA	NA	NA	NA	NA	NA
L32R-F94L-K154E-G157Y	NA	NA	NA	NA	NA	NA	NA	NA	NA
P85Q-K154L	NA	NA	NA	NA	NA	NA	NA	NA	NA
P111N-P136Y	NA	NA	NA	NA	NA	NA	NA	NA	NA
N67T-M145L	NA	NA	NA	NA	NA	NA	NA	NA	NA
S15S-K154M	NA	NA	NA	NA	NA	NA	NA	NA	NA
P25M-K166I	NA	NA	NA	NA	NA	NA	NA	NA	NA
F44L-C90N-P100P-A152*	NA	NA	NA	NA	NA	NA	NA	NA	NA
F44L-A152V	NA	NA	NA	NA	NA	NA	NA	NA	NA
Q33G-N138T	NA	NA	NA	NA	NA	NA	NA	NA	NA
K17Q-A29A-R134R-T151T-I168W	NA	NA	NA	NA	NA	NA	NA	NA	NA
R8H-F94L-T122H-L158Q	NA	NA	NA	NA	NA	NA	NA	NA	NA
F56S-G114N-V164V-Q172K	NA	NA	NA	NA	NA	NA	NA	NA	NA
H9Y-Y43G-E95D-T105N-R156E	NA	NA	NA	NA	NA	NA	NA	NA	NA
R156I	NA	NA	NA	NA	NA	NA	NA	NA	NA
K36R-K166S	NA	NA	NA	NA	NA	NA	NA	NA	NA
I6V-S65S-P104I-S160N	NA	NA	NA	NA	NA	NA	NA	NA	NA
H58I-I168R	NA	NA	NA	NA	NA	NA	NA	NA	NA
T64Y-I165C	NA	NA	NA	NA	NA	NA	NA	NA	NA
F87G-T153V	NA	NA	NA	NA	NA	NA	NA	NA	NA
D108I-V164E	NA	NA	NA	NA	NA	NA	NA	NA	NA
P25Q-C170T	NA	NA	NA	NA	NA	NA	NA	NA	NA
T34Y-N162E	NA	NA	NA	NA	NA	NA	NA	NA	NA
I165P	NA	NA	NA	NA	NA	NA	NA	NA	NA
L47S-F94L-T101C-M145T-E167K	NA	NA	NA	NA	NA	NA	NA	NA	NA
N67A-Y120H	NA	NA	NA	NA	NA	NA	NA	NA	NA
F87P-V140P	NA	NA	NA	NA	NA	NA	NA	NA	NA
S65S-D78S-K154K-Q163Y	NA	NA	NA	NA	NA	NA	NA	NA	NA
K86H-A152E	NA	NA	NA	NA	NA	NA	NA	NA	NA
D63D-S98S-T122H-Q163V	NA	NA	NA	NA	NA	NA	NA	NA	NA
H9P-M62V-F87G-R134C-T151H	NA	NA	NA	NA	NA	NA	NA	NA	NA
I60D-L171Q	NA	NA	NA	NA	NA	NA	NA	NA	NA
L171*	NA	NA	NA	NA	NA	NA	NA	NA	NA
T122I-F150L	NA	NA	NA	NA	NA	NA	NA	NA	NA
T48T-C59*-G76G-I129I-K166P	NA	NA	NA	NA	NA	NA	NA	NA	NA
L91R-W147C	NA	NA	NA	NA	NA	NA	NA	NA	NA
F88S-T151Q	NA	NA	NA	NA	NA	NA	NA	NA	NA
N67S-S98M-T101N-C170W-Q172I	NA	NA	NA	NA	NA	NA	NA	NA	NA
F44S-A77A-R134C-Y141V	NA	NA	NA	NA	NA	NA	NA	NA	NA
N162*	NA	NA	NA	NA	NA	NA	NA	NA	NA
G76D-D108R-R115G-M145P	NA	NA	NA	NA	NA	NA	NA	NA	NA
T21F-G143I	NA	NA	NA	NA	NA	NA	NA	NA	NA
T21Y-P35S-S96F-I168W	NA	NA	NA	NA	NA	NA	NA	NA	NA
P35P-S65T-L112W-I168W	NA	NA	NA	NA	NA	NA	NA	NA	NA
K86S-C155N	NA	NA	NA	NA	NA	NA	NA	NA	NA
A106D-I165S	NA	NA	NA	NA	NA	NA	NA	NA	NA
T24Q-N138C	NA	NA	NA	NA	NA	NA	NA	NA	NA
L132S-N138N	NA	NA	NA	NA	NA	NA	NA	NA	NA
L132N-L158V	NA	NA	NA	NA	NA	NA	NA	NA	NA
S27C-R115R-N138C	NA	NA	NA	NA	NA	NA	NA	NA	NA
S96S-A152N	NA	NA	NA	NA	NA	NA	NA	NA	NA
L103L-P136M	NA	NA	NA	NA	NA	NA	NA	NA	NA
A26Q	NA	NA	NA	NA	NA	NA	NA	NA	NA
C126A-V140T	NA	NA	NA	NA	NA	NA	NA	NA	NA
Q33G-T153T	NA	NA	NA	NA	NA	NA	NA	NA	NA
P104A-N138C	NA	NA	NA	NA	NA	NA	NA	NA	NA
S28D-A152V	NA	NA	NA	NA	NA	NA	NA	NA	NA
T105Q-V159C	NA	NA	NA	NA	NA	NA	NA	NA	NA
S98E	NA	NA	NA	NA	NA	NA	NA	NA	NA
R8T	NA	NA	NA	NA	NA	NA	NA	NA	NA
D117A	NA	NA	NA	NA	NA	NA	NA	NA	NA
S28E-V142I	NA	NA	NA	NA	NA	NA	NA	NA	NA
A106P-G143G	NA	NA	NA	NA	NA	NA	NA	NA	NA
T34E-K154H	NA	NA	NA	NA	NA	NA	NA	NA	NA
C170A	NA	NA	NA	NA	NA	NA	NA	NA	NA
S46D-V159I	NA	NA	NA	NA	NA	NA	NA	NA	NA
Y120K-T153C	NA	NA	NA	NA	NA	NA	NA	NA	NA
Q71N-A152Y	NA	NA	NA	NA	NA	NA	NA	NA	NA
W147A	NA	NA	NA	NA	NA	NA	NA	NA	NA
Y43L	NA	NA	NA	NA	NA	NA	NA	NA	NA
L20Y	NA	NA	NA	NA	NA	NA	NA	NA	NA
A83I	NA	NA	NA	NA	NA	NA	NA	NA	NA
N113N-N139S	NA	NA	NA	NA	NA	NA	NA	NA	NA
N67R-N138S	NA	NA	NA	NA	NA	NA	NA	NA	NA
Q61M	NA	NA	NA	NA	NA	NA	NA	NA	NA
A106D-V159L	NA	NA	NA	NA	NA	NA	NA	NA	NA
F13M-V159M	NA	NA	NA	NA	NA	NA	NA	NA	NA
T34S	NA	NA	NA	NA	NA	NA	NA	NA	NA
S98M-T151P	NA	NA	NA	NA	NA	NA	NA	NA	NA
P136L	NA	NA	NA	NA	NA	NA	NA	NA	NA
A83V-K175K	NA	NA	NA	NA	NA	NA	NA	NA	NA
K86A	NA	NA	NA	NA	NA	NA	NA	NA	NA
S27S	NA	NA	NA	NA	NA	NA	NA	NA	NA
F44M-N138F	NA	NA	NA	NA	NA	NA	NA	NA	NA
T105P-G137D	NA	NA	NA	NA	NA	NA	NA	NA	NA
T101Y	NA	NA	NA	NA	NA	NA	NA	NA	NA
F87A	NA	NA	NA	NA	NA	NA	NA	NA	NA
T105R-N149E	NA	NA	NA	NA	NA	NA	NA	NA	NA
T105M-A152Y	NA	NA	NA	NA	NA	NA	NA	NA	NA
L20K-A152Q	NA	NA	NA	NA	NA	NA	NA	NA	NA
T101I-F144F	NA	NA	NA	NA	NA	NA	NA	NA	NA
I165N	NA	NA	NA	NA	NA	NA	NA	NA	NA
K36C-S148A	NA	NA	NA	NA	NA	NA	NA	NA	NA
P136I	NA	NA	NA	NA	NA	NA	NA	NA	NA
S7S	NA	NA	NA	NA	NA	NA	NA	NA	NA
T153Q	NA	NA	NA	NA	NA	NA	NA	NA	NA
P85P-A152H	NA	NA	NA	NA	NA	NA	NA	NA	NA
K86R-E167E	NA	NA	NA	NA	NA	NA	NA	NA	NA
T153A	NA	NA	NA	NA	NA	NA	NA	NA	NA
T64T-G137H	NA	NA	NA	NA	NA	NA	NA	NA	NA
S27D-G137P	NA	NA	NA	NA	NA	NA	NA	NA	NA
Q71H-I168S	NA	NA	NA	NA	NA	NA	NA	NA	NA
S97C-V142T	NA	NA	NA	NA	NA	NA	NA	NA	NA
Q61A-P136V	NA	NA	NA	NA	NA	NA	NA	NA	NA
T151G	NA	NA	NA	NA	NA	NA	NA	NA	NA
S97Y-K166N	NA	NA	NA	NA	NA	NA	NA	NA	NA
S97R-N138N	NA	NA	NA	NA	NA	NA	NA	NA	NA
A152F	NA	NA	NA	NA	NA	NA	NA	NA	NA
P30R-A152A	NA	NA	NA	NA	NA	NA	NA	NA	NA
Y110L	NA	NA	NA	NA	NA	NA	NA	NA	NA
T101R-N139N	NA	NA	NA	NA	NA	NA	NA	NA	NA
Q71N	NA	NA	NA	NA	NA	NA	NA	NA	NA
S27L-T151A	NA	NA	NA	NA	NA	NA	NA	NA	NA
T21D	NA	NA	NA	NA	NA	NA	NA	NA	NA
V31L	NA	NA	NA	NA	NA	NA	NA	NA	NA
I165H	NA	NA	NA	NA	NA	NA	NA	NA	NA
S22M	NA	NA	NA	NA	NA	NA	NA	NA	NA
K154V	NA	NA	NA	NA	NA	NA	NA	NA	NA
Y120I	NA	NA	NA	NA	NA	NA	NA	NA	NA
A51T-G137C	NA	NA	NA	NA	NA	NA	NA	NA	NA
F88L-T151Q	NA	NA	NA	NA	NA	NA	NA	NA	NA
T105P-T153I	NA	NA	NA	NA	NA	NA	NA	NA	NA
G118E-N138N	NA	NA	NA	NA	NA	NA	NA	NA	NA
V19S-N138F	NA	NA	NA	NA	NA	NA	NA	NA	NA
T41S	NA	NA	NA	NA	NA	NA	NA	NA	NA
N138L	NA	NA	NA	NA	NA	NA	NA	NA	NA
Y107H-A152I	NA	NA	NA	NA	NA	NA	NA	NA	NA
D117N-K166T	NA	NA	NA	NA	NA	NA	NA	NA	NA
K36L-N138Y	NA	NA	NA	NA	NA	NA	NA	NA	NA
V123A	NA	NA	NA	NA	NA	NA	NA	NA	NA
T101C	NA	NA	NA	NA	NA	NA	NA	NA	NA
L20R-N138N	NA	NA	NA	NA	NA	NA	NA	NA	NA
F5Y-I165M	NA	NA	NA	NA	NA	NA	NA	NA	NA
A106L-V164C	NA	NA	NA	NA	NA	NA	NA	NA	NA
T105D	NA	NA	NA	NA	NA	NA	NA	NA	NA
S97A-T153M	NA	NA	NA	NA	NA	NA	NA	NA	NA
V127C-V159M	NA	NA	NA	NA	NA	NA	NA	NA	NA
G137D	NA	NA	NA	NA	NA	NA	NA	NA	NA
D45G-A152T	NA	NA	NA	NA	NA	NA	NA	NA	NA
V109A-A152I	NA	NA	NA	NA	NA	NA	NA	NA	NA
A69D	NA	NA	NA	NA	NA	NA	NA	NA	NA
P136Q	NA	NA	NA	NA	NA	NA	NA	NA	NA
V66Q-N149E	NA	NA	NA	NA	NA	NA	NA	NA	NA
S27I-K154N	NA	NA	NA	NA	NA	NA	NA	NA	NA
M62A	NA	NA	NA	NA	NA	NA	NA	NA	NA
T24Q	NA	NA	NA	NA	NA	NA	NA	NA	NA
Y43W	NA	NA	NA	NA	NA	NA	NA	NA	NA
V72L-N138N	NA	NA	NA	NA	NA	NA	NA	NA	NA
V131V-N138F	NA	NA	NA	NA	NA	NA	NA	NA	NA
V19E	NA	NA	NA	NA	NA	NA	NA	NA	NA
G119V-V159M	NA	NA	NA	NA	NA	NA	NA	NA	NA
A83D-V142I	NA	NA	NA	NA	NA	NA	NA	NA	NA
F144W	NA	NA	NA	NA	NA	NA	NA	NA	NA
T102R	NA	NA	NA	NA	NA	NA	NA	NA	NA
K154N	NA	NA	NA	NA	NA	NA	NA	NA	NA
A106C	NA	NA	NA	NA	NA	NA	NA	NA	NA
L132R	NA	NA	NA	NA	NA	NA	NA	NA	NA
G119T-T153N	NA	NA	NA	NA	NA	NA	NA	NA	NA
Q33F	NA	NA	NA	NA	NA	NA	NA	NA	NA
T122A	NA	NA	NA	NA	NA	NA	NA	NA	NA
Q61R	NA	NA	NA	NA	NA	NA	NA	NA	NA
D45S-W147Y	NA	NA	NA	NA	NA	NA	NA	NA	NA
D45G	NA	NA	NA	NA	NA	NA	NA	NA	NA
P30T	NA	NA	NA	NA	NA	NA	NA	NA	NA
T102K-P136W	NA	NA	NA	NA	NA	NA	NA	NA	NA
S96A	NA	NA	NA	NA	NA	NA	NA	NA	NA
S27E-T151C	NA	NA	NA	NA	NA	NA	NA	NA	NA
L42M-P136R	NA	NA	NA	NA	NA	NA	NA	NA	NA
Q33N	NA	NA	NA	NA	NA	NA	NA	NA	NA
T64Y-N138T	NA	NA	NA	NA	NA	NA	NA	NA	NA
N138Y	NA	NA	NA	NA	NA	NA	NA	NA	NA
T64P	NA	NA	NA	NA	NA	NA	NA	NA	NA
I165C	NA	NA	NA	NA	NA	NA	NA	NA	NA
S97M-T151D	NA	NA	NA	NA	NA	NA	NA	NA	NA
G118N	NA	NA	NA	NA	NA	NA	NA	NA	NA
S97N-G137M	NA	NA	NA	NA	NA	NA	NA	NA	NA
K36V	NA	NA	NA	NA	NA	NA	NA	NA	NA
S97N-V164C	NA	NA	NA	NA	NA	NA	NA	NA	NA
Y43K	NA	NA	NA	NA	NA	NA	NA	NA	NA
T101C-I165A	NA	NA	NA	NA	NA	NA	NA	NA	NA
T105F-K154C	NA	NA	NA	NA	NA	NA	NA	NA	NA
P104G-G143G	NA	NA	NA	NA	NA	NA	NA	NA	NA
A77V-N138R	NA	NA	NA	NA	NA	NA	NA	NA	NA
T105A	NA	NA	NA	NA	NA	NA	NA	NA	NA
S27T-A152I	NA	NA	NA	NA	NA	NA	NA	NA	NA
A80V	NA	NA	NA	NA	NA	NA	NA	NA	NA
S96E	NA	NA	NA	NA	NA	NA	NA	NA	NA
A106A-T153D	NA	NA	NA	NA	NA	NA	NA	NA	NA
T102V-V140V	NA	NA	NA	NA	NA	NA	NA	NA	NA
F87M	NA	NA	NA	NA	NA	NA	NA	NA	NA
T105H	NA	NA	NA	NA	NA	NA	NA	NA	NA
I168F	NA	NA	NA	NA	NA	NA	NA	NA	NA
W147N	NA	NA	NA	NA	NA	NA	NA	NA	NA
V72L-P136V	NA	NA	NA	NA	NA	NA	NA	NA	NA
I60V-N138D	NA	NA	NA	NA	NA	NA	NA	NA	NA
T34P-N138D	NA	NA	NA	NA	NA	NA	NA	NA	NA
C155S	NA	NA	NA	NA	NA	NA	NA	NA	NA
S27P-A152W	NA	NA	NA	NA	NA	NA	NA	NA	NA
V72V-N138T	NA	NA	NA	NA	NA	NA	NA	NA	NA
N67A	NA	NA	NA	NA	NA	NA	NA	NA	NA
T48A-P173P	NA	NA	NA	NA	NA	NA	NA	NA	NA
C59S-N138N	NA	NA	NA	NA	NA	NA	NA	NA	NA
C170T	NA	NA	NA	NA	NA	NA	NA	NA	NA
N53N	NA	NA	NA	NA	NA	NA	NA	NA	NA
C126A-T153Q	NA	NA	NA	NA	NA	NA	NA	NA	NA
A69E-K154C	NA	NA	NA	NA	NA	NA	NA	NA	NA
S27Y	NA	NA	NA	NA	NA	NA	NA	NA	NA
M145L	NA	NA	NA	NA	NA	NA	NA	NA	NA
S28K	NA	NA	NA	NA	NA	NA	NA	NA	NA
A26G-N138W	NA	NA	NA	NA	NA	NA	NA	NA	NA
A77V-F150W	NA	NA	NA	NA	NA	NA	NA	NA	NA
S28Y	NA	NA	NA	NA	NA	NA	NA	NA	NA
N53A-I168Y	NA	NA	NA	NA	NA	NA	NA	NA	NA
Q33T	NA	NA	NA	NA	NA	NA	NA	NA	NA
Q33K	NA	NA	NA	NA	NA	NA	NA	NA	NA
V19M	NA	NA	NA	NA	NA	NA	NA	NA	NA
G119R-T151P	NA	NA	NA	NA	NA	NA	NA	NA	NA
F144L	NA	NA	NA	NA	NA	NA	NA	NA	NA
T101N-A152V	NA	NA	NA	NA	NA	NA	NA	NA	NA
S97W-T151D	NA	NA	NA	NA	NA	NA	NA	NA	NA
S27I	NA	NA	NA	NA	NA	NA	NA	NA	NA
N113G	NA	NA	NA	NA	NA	NA	NA	NA	NA
G143G	NA	NA	NA	NA	NA	NA	NA	NA	NA
T34S-A152Y	NA	NA	NA	NA	NA	NA	NA	NA	NA
T151H	NA	NA	NA	NA	NA	NA	NA	NA	NA
A29A-K154L	NA	NA	NA	NA	NA	NA	NA	NA	NA
S27E-N149R	NA	NA	NA	NA	NA	NA	NA	NA	NA
V23V-P136S	NA	NA	NA	NA	NA	NA	NA	NA	NA
A69F	NA	NA	NA	NA	NA	NA	NA	NA	NA
A106S-G137R	NA	NA	NA	NA	NA	NA	NA	NA	NA
S97D-V142S	NA	NA	NA	NA	NA	NA	NA	NA	NA
T101D-P136A	NA	NA	NA	NA	NA	NA	NA	NA	NA
P133P-V140V	NA	NA	NA	NA	NA	NA	NA	NA	NA
D16N-A152D	NA	NA	NA	NA	NA	NA	NA	NA	NA
N53P-V164A	NA	NA	NA	NA	NA	NA	NA	NA	NA
T128T-P136C	NA	NA	NA	NA	NA	NA	NA	NA	NA
G119G-T153T	NA	NA	NA	NA	NA	NA	NA	NA	NA
G118A	NA	NA	NA	NA	NA	NA	NA	NA	NA
F44W-T151M	NA	NA	NA	NA	NA	NA	NA	NA	NA
N139S	NA	NA	NA	NA	NA	NA	NA	NA	NA
M1L	NA	NA	NA	NA	NA	NA	NA	NA	NA
T34C-P136K	NA	NA	NA	NA	NA	NA	NA	NA	NA
N138K	NA	NA	NA	NA	NA	NA	NA	NA	NA
P136A	NA	NA	NA	NA	NA	NA	NA	NA	NA
G157G	NA	NA	NA	NA	NA	NA	NA	NA	NA
R8T-A152C	NA	NA	NA	NA	NA	NA	NA	NA	NA
S96G	NA	NA	NA	NA	NA	NA	NA	NA	NA
F44M-V142V	NA	NA	NA	NA	NA	NA	NA	NA	NA
S98N	NA	NA	NA	NA	NA	NA	NA	NA	NA
A37V-P136I	NA	NA	NA	NA	NA	NA	NA	NA	NA
C59T-V142V	NA	NA	NA	NA	NA	NA	NA	NA	NA
T34I	NA	NA	NA	NA	NA	NA	NA	NA	NA
S148C	NA	NA	NA	NA	NA	NA	NA	NA	NA
T101S	NA	NA	NA	NA	NA	NA	NA	NA	NA
A26N-N138M	NA	NA	NA	NA	NA	NA	NA	NA	NA
F44I	NA	NA	NA	NA	NA	NA	NA	NA	NA
I165M	NA	NA	NA	NA	NA	NA	NA	NA	NA
P25P-N139K	NA	NA	NA	NA	NA	NA	NA	NA	NA
I165Y	NA	NA	NA	NA	NA	NA	NA	NA	NA
T105Y	NA	NA	NA	NA	NA	NA	NA	NA	NA
S27K-K166N	NA	NA	NA	NA	NA	NA	NA	NA	NA
T101K-G137A	NA	NA	NA	NA	NA	NA	NA	NA	NA
L103I-G137S	NA	NA	NA	NA	NA	NA	NA	NA	NA
T122S-K154T	NA	NA	NA	NA	NA	NA	NA	NA	NA
L132P-C170V	NA	NA	NA	NA	NA	NA	NA	NA	NA
V142V	NA	NA	NA	NA	NA	NA	NA	NA	NA
S97V-Y141F	NA	NA	NA	NA	NA	NA	NA	NA	NA
S28P-V146L	NA	NA	NA	NA	NA	NA	NA	NA	NA
M145G	NA	NA	NA	NA	NA	NA	NA	NA	NA
T105A-T151R	NA	NA	NA	NA	NA	NA	NA	NA	NA
S97L-V164C	NA	NA	NA	NA	NA	NA	NA	NA	NA
G137S	NA	NA	NA	NA	NA	NA	NA	NA	NA
Y141F	NA	NA	NA	NA	NA	NA	NA	NA	NA
P104A-N138N	NA	NA	NA	NA	NA	NA	NA	NA	NA
K124T-N139C	NA	NA	NA	NA	NA	NA	NA	NA	NA
T101I-V142I	NA	NA	NA	NA	NA	NA	NA	NA	NA
L20H	NA	NA	NA	NA	NA	NA	NA	NA	NA
H58A	NA	NA	NA	NA	NA	NA	NA	NA	NA
L112C	NA	NA	NA	NA	NA	NA	NA	NA	NA
S28F	NA	NA	NA	NA	NA	NA	NA	NA	NA
I79F-N162N	NA	NA	NA	NA	NA	NA	NA	NA	NA
Q61M-L158T	NA	NA	NA	NA	NA	NA	NA	NA	NA
L20V	NA	NA	NA	NA	NA	NA	NA	NA	NA
A69Q-T153S	NA	NA	NA	NA	NA	NA	NA	NA	NA
S98V-T153G	NA	NA	NA	NA	NA	NA	NA	NA	NA
L20F	NA	NA	NA	NA	NA	NA	NA	NA	NA
T34C-L174Y	NA	NA	NA	NA	NA	NA	NA	NA	NA
G119F	NA	NA	NA	NA	NA	NA	NA	NA	NA
I129C	NA	NA	NA	NA	NA	NA	NA	NA	NA
A69Q	NA	NA	NA	NA	NA	NA	NA	NA	NA
S46F-I165A	NA	NA	NA	NA	NA	NA	NA	NA	NA
S148T	NA	NA	NA	NA	NA	NA	NA	NA	NA
S28D-V164C	NA	NA	NA	NA	NA	NA	NA	NA	NA
K154L	NA	NA	NA	NA	NA	NA	NA	NA	NA
K17Q	NA	NA	NA	NA	NA	NA	NA	NA	NA
S97N-G137H	NA	NA	NA	NA	NA	NA	NA	NA	NA
S27N	NA	NA	NA	NA	NA	NA	NA	NA	NA
T105G	NA	NA	NA	NA	NA	NA	NA	NA	NA
K86N-T151E	NA	NA	NA	NA	NA	NA	NA	NA	NA
T21K-F94S-G143C-F144I	NA	NA	NA	NA	NA	NA	NA	NA	NA
F81S-A83P-F88C-S96A-N139F	NA	NA	NA	NA	NA	NA	NA	NA	NA
N113Q-K166A	NA	NA	NA	NA	NA	NA	NA	NA	NA
L112L	NA	NA	NA	NA	NA	NA	NA	NA	NA
S98H-G137F	NA	NA	NA	NA	NA	NA	NA	NA	NA
R156M	NA	NA	NA	NA	NA	NA	NA	NA	NA
T122S	NA	NA	NA	NA	NA	NA	NA	NA	NA
P25P-A152V	NA	NA	NA	NA	NA	NA	NA	NA	NA
F44I-V159V	NA	NA	NA	NA	NA	NA	NA	NA	NA
N113H-T151L	NA	NA	NA	NA	NA	NA	NA	NA	NA
S98A-N138M	NA	NA	NA	NA	NA	NA	NA	NA	NA
Q61H	NA	NA	NA	NA	NA	NA	NA	NA	NA
L161M	NA	NA	NA	NA	NA	NA	NA	NA	NA
K86A-T153Q	NA	NA	NA	NA	NA	NA	NA	NA	NA
T101Y-V142V	NA	NA	NA	NA	NA	NA	NA	NA	NA
V19V-S28E-T153S-K154G	NA	NA	NA	NA	NA	NA	NA	NA	NA
Q33D-N138M	NA	NA	NA	NA	NA	NA	NA	NA	NA
S28R-S160G	NA	NA	NA	NA	NA	NA	NA	NA	NA
Q61C-T153V	NA	NA	NA	NA	NA	NA	NA	NA	NA
A77V-T151N	NA	NA	NA	NA	NA	NA	NA	NA	NA
F87M-T151R	NA	NA	NA	NA	NA	NA	NA	NA	NA
T122A-G157G	NA	NA	NA	NA	NA	NA	NA	NA	NA
F88W-N138V	NA	NA	NA	NA	NA	NA	NA	NA	NA
S97R-A152P	NA	NA	NA	NA	NA	NA	NA	NA	NA
A26C-V142C	NA	NA	NA	NA	NA	NA	NA	NA	NA
L158A	NA	NA	NA	NA	NA	NA	NA	NA	NA
T101N-N138W	NA	NA	NA	NA	NA	NA	NA	NA	NA
S28E-K154G	NA	NA	NA	NA	NA	NA	NA	NA	NA
S46W-T153N	NA	NA	NA	NA	NA	NA	NA	NA	NA
A83W-K166A	NA	NA	NA	NA	NA	NA	NA	NA	NA
S96E-N138F	NA	NA	NA	NA	NA	NA	NA	NA	NA
S65C-P136Q	NA	NA	NA	NA	NA	NA	NA	NA	NA
T101L-S148A	NA	NA	NA	NA	NA	NA	NA	NA	NA
D16Q	NA	NA	NA	NA	NA	NA	NA	NA	NA
A69D-A152V	NA	NA	NA	NA	NA	NA	NA	NA	NA
D117F	NA	NA	NA	NA	NA	NA	NA	NA	NA
Q33D-N138G	NA	NA	NA	NA	NA	NA	NA	NA	NA
S40G	NA	NA	NA	NA	NA	NA	NA	NA	NA
P35P-G137I	NA	NA	NA	NA	NA	NA	NA	NA	NA
S27Y-K166N	NA	NA	NA	NA	NA	NA	NA	NA	NA
A83H-N149T	NA	NA	NA	NA	NA	NA	NA	NA	NA
S27A-G137N	NA	NA	NA	NA	NA	NA	NA	NA	NA
A83P-N138N	NA	NA	NA	NA	NA	NA	NA	NA	NA
G118S	NA	NA	NA	NA	NA	NA	NA	NA	NA
P85Q-A152R	NA	NA	NA	NA	NA	NA	NA	NA	NA
T64V-I165C	NA	NA	NA	NA	NA	NA	NA	NA	NA
T101A-L158T	NA	NA	NA	NA	NA	NA	NA	NA	NA
L132H-K154C	NA	NA	NA	NA	NA	NA	NA	NA	NA
S46G	NA	NA	NA	NA	NA	NA	NA	NA	NA
S98D	NA	NA	NA	NA	NA	NA	NA	NA	NA
L103L-G137R	NA	NA	NA	NA	NA	NA	NA	NA	NA
S97R	NA	NA	NA	NA	NA	NA	NA	NA	NA
F44M-N139Y	NA	NA	NA	NA	NA	NA	NA	NA	NA
S28C-L158C	NA	NA	NA	NA	NA	NA	NA	NA	NA
S160G	NA	NA	NA	NA	NA	NA	NA	NA	NA
L132N	NA	NA	NA	NA	NA	NA	NA	NA	NA
L42M-G157G	NA	NA	NA	NA	NA	NA	NA	NA	NA
I79V	NA	NA	NA	NA	NA	NA	NA	NA	NA
T151E	NA	NA	NA	NA	NA	NA	NA	NA	NA
F87A-T151V	NA	NA	NA	NA	NA	NA	NA	NA	NA
T38N-A152W	NA	NA	NA	NA	NA	NA	NA	NA	NA
L103V	NA	NA	NA	NA	NA	NA	NA	NA	NA
V109I-T153N	NA	NA	NA	NA	NA	NA	NA	NA	NA
P85S-F144F	NA	NA	NA	NA	NA	NA	NA	NA	NA
P85T-G137E	NA	NA	NA	NA	NA	NA	NA	NA	NA
F87H-A152A	NA	NA	NA	NA	NA	NA	NA	NA	NA
S97P	NA	NA	NA	NA	NA	NA	NA	NA	NA
P111S	NA	NA	NA	NA	NA	NA	NA	NA	NA
T64A	NA	NA	NA	NA	NA	NA	NA	NA	NA
D45Q-V142V	NA	NA	NA	NA	NA	NA	NA	NA	NA
F13M	NA	NA	NA	NA	NA	NA	NA	NA	NA
T64S	NA	NA	NA	NA	NA	NA	NA	NA	NA
F88V	NA	NA	NA	NA	NA	NA	NA	NA	NA
A106M	NA	NA	NA	NA	NA	NA	NA	NA	NA
T21C-F144W	NA	NA	NA	NA	NA	NA	NA	NA	NA
S28G-P136E	NA	NA	NA	NA	NA	NA	NA	NA	NA
P104H	NA	NA	NA	NA	NA	NA	NA	NA	NA
S97M-N149Y	NA	NA	NA	NA	NA	NA	NA	NA	NA
T38E	NA	NA	NA	NA	NA	NA	NA	NA	NA
A106E-K154P	NA	NA	NA	NA	NA	NA	NA	NA	NA
S28L	NA	NA	NA	NA	NA	NA	NA	NA	NA
T24A-S160S	NA	NA	NA	NA	NA	NA	NA	NA	NA
L174L	NA	NA	NA	NA	NA	NA	NA	NA	NA
T38C	NA	NA	NA	NA	NA	NA	NA	NA	NA
N113T-T151R	NA	NA	NA	NA	NA	NA	NA	NA	NA
Q61T-P136L	NA	NA	NA	NA	NA	NA	NA	NA	NA
S27F-V164V	NA	NA	NA	NA	NA	NA	NA	NA	NA
Q61C-N139E	NA	NA	NA	NA	NA	NA	NA	NA	NA
K86R	NA	NA	NA	NA	NA	NA	NA	NA	NA
D45Q	NA	NA	NA	NA	NA	NA	NA	NA	NA
T34T-N138V	NA	NA	NA	NA	NA	NA	NA	NA	NA
V99Q	NA	NA	NA	NA	NA	NA	NA	NA	NA
I79V-T153M	NA	NA	NA	NA	NA	NA	NA	NA	NA
N53F	NA	NA	NA	NA	NA	NA	NA	NA	NA
Y120H-P136G	NA	NA	NA	NA	NA	NA	NA	NA	NA
C59A-N149D	NA	NA	NA	NA	NA	NA	NA	NA	NA
V19Y	NA	NA	NA	NA	NA	NA	NA	NA	NA
N138M-V140V	NA	NA	NA	NA	NA	NA	NA	NA	NA
S97I-T153S	NA	NA	NA	NA	NA	NA	NA	NA	NA
N53N-T151H	NA	NA	NA	NA	NA	NA	NA	NA	NA
N138D	NA	NA	NA	NA	NA	NA	NA	NA	NA
N50N-P136A	NA	NA	NA	NA	NA	NA	NA	NA	NA
A51V-L158I	NA	NA	NA	NA	NA	NA	NA	NA	NA
F88W-G137T	NA	NA	NA	NA	NA	NA	NA	NA	NA
S27H-N138Q	NA	NA	NA	NA	NA	NA	NA	NA	NA
A106Q	NA	NA	NA	NA	NA	NA	NA	NA	NA
Q33H	NA	NA	NA	NA	NA	NA	NA	NA	NA
T4H	NA	NA	NA	NA	NA	NA	NA	NA	NA
N113I-I165W	NA	NA	NA	NA	NA	NA	NA	NA	NA
G119R	NA	NA	NA	NA	NA	NA	NA	NA	NA
T21S	NA	NA	NA	NA	NA	NA	NA	NA	NA
A152D	NA	NA	NA	NA	NA	NA	NA	NA	NA
D130D-G137F	NA	NA	NA	NA	NA	NA	NA	NA	NA
I79M-T151G	NA	NA	NA	NA	NA	NA	NA	NA	NA
V72I-T153S	NA	NA	NA	NA	NA	NA	NA	NA	NA
T122G-I165M	NA	NA	NA	NA	NA	NA	NA	NA	NA
L18T	NA	NA	NA	NA	NA	NA	NA	NA	NA
M62S-L161I	NA	NA	NA	NA	NA	NA	NA	NA	NA
N70S-S160G	NA	NA	NA	NA	NA	NA	NA	NA	NA
S22A	NA	NA	NA	NA	NA	NA	NA	NA	NA
T64E-P136H	NA	NA	NA	NA	NA	NA	NA	NA	NA
L20Q-I168Q	NA	NA	NA	NA	NA	NA	NA	NA	NA
A83Y	NA	NA	NA	NA	NA	NA	NA	NA	NA
D82G-S96Y-K124A-N149A	NA	NA	NA	NA	NA	NA	NA	NA	NA
S98S-P136H	NA	NA	NA	NA	NA	NA	NA	NA	NA
V109L	NA	NA	NA	NA	NA	NA	NA	NA	NA
C126A	NA	NA	NA	NA	NA	NA	NA	NA	NA
T151P	NA	NA	NA	NA	NA	NA	NA	NA	NA
P25P-M145A	NA	NA	NA	NA	NA	NA	NA	NA	NA
T64T	NA	NA	NA	NA	NA	NA	NA	NA	NA
D45E-P136R	NA	NA	NA	NA	NA	NA	NA	NA	NA
S28T	NA	NA	NA	NA	NA	NA	NA	NA	NA
N53Y-N138H	NA	NA	NA	NA	NA	NA	NA	NA	NA
K36C-N139L	NA	NA	NA	NA	NA	NA	NA	NA	NA
S28P-F150W	NA	NA	NA	NA	NA	NA	NA	NA	NA
S65S-D78G-T105V-W147H	NA	NA	NA	NA	NA	NA	NA	NA	NA
S27S-T151W	NA	NA	NA	NA	NA	NA	NA	NA	NA
T122M	NA	NA	NA	NA	NA	NA	NA	NA	NA
L20T	NA	NA	NA	NA	NA	NA	NA	NA	NA
A51A-T153N	NA	NA	NA	NA	NA	NA	NA	NA	NA
T34C-A51T-V131F-P136K-C155G	NA	NA	NA	NA	NA	NA	NA	NA	NA
I129T-T151Q	NA	NA	NA	NA	NA	NA	NA	NA	NA
I168Q	NA	NA	NA	NA	NA	NA	NA	NA	NA
A152P	NA	NA	NA	NA	NA	NA	NA	NA	NA
A152A	NA	NA	NA	NA	NA	NA	NA	NA	NA
L20R	NA	NA	NA	NA	NA	NA	NA	NA	NA
L20V-P136V	NA	NA	NA	NA	NA	NA	NA	NA	NA
L57L-N139I	NA	NA	NA	NA	NA	NA	NA	NA	NA
K17P-P136Q	NA	NA	NA	NA	NA	NA	NA	NA	NA
T105E-P136H-I165C	NA	NA	NA	NA	NA	NA	NA	NA	NA
S27T-N138N	NA	NA	NA	NA	NA	NA	NA	NA	NA
F56W-N138T	NA	NA	NA	NA	NA	NA	NA	NA	NA
V19W	NA	NA	NA	NA	NA	NA	NA	NA	NA
C90Y-A106Q-C155W-C170T	NA	NA	NA	NA	NA	NA	NA	NA	NA
T21A	NA	NA	NA	NA	NA	NA	NA	NA	NA
A106D-F144Y	NA	NA	NA	NA	NA	NA	NA	NA	NA
L57A-P136E	NA	NA	NA	NA	NA	NA	NA	NA	NA
T105M-K166R	NA	NA	NA	NA	NA	NA	NA	NA	NA
S28M	NA	NA	NA	NA	NA	NA	NA	NA	NA
T24S-T151G	NA	NA	NA	NA	NA	NA	NA	NA	NA
Y107C-P136N	NA	NA	NA	NA	NA	NA	NA	NA	NA
T151S	NA	NA	NA	NA	NA	NA	NA	NA	NA
S22E-V109V-I165D	NA	NA	NA	NA	NA	NA	NA	NA	NA
T34E-S148S	NA	NA	NA	NA	NA	NA	NA	NA	NA
S148S	NA	NA	NA	NA	NA	NA	NA	NA	NA
V146L	NA	NA	NA	NA	NA	NA	NA	NA	NA
A106T-N138T	NA	NA	NA	NA	NA	NA	NA	NA	NA
C59I	NA	NA	NA	NA	NA	NA	NA	NA	NA
S97T-F144F	NA	NA	NA	NA	NA	NA	NA	NA	NA
K86G	NA	NA	NA	NA	NA	NA	NA	NA	NA
P133P-I168Y	NA	NA	NA	NA	NA	NA	NA	NA	NA
S46E-G137V	NA	NA	NA	NA	NA	NA	NA	NA	NA
T101Q-K166Q	NA	NA	NA	NA	NA	NA	NA	NA	NA
A106T-P136E	NA	NA	NA	NA	NA	NA	NA	NA	NA
I79W	NA	NA	NA	NA	NA	NA	NA	NA	NA
S27Y-A152A	NA	NA	NA	NA	NA	NA	NA	NA	NA
K86M-A152H	NA	NA	NA	NA	NA	NA	NA	NA	NA
N139C	NA	NA	NA	NA	NA	NA	NA	NA	NA
M145A	NA	NA	NA	NA	NA	NA	NA	NA	NA
T64S-K154R	NA	NA	NA	NA	NA	NA	NA	NA	NA
T105E	NA	NA	NA	NA	NA	NA	NA	NA	NA
Y43R-T151F	NA	NA	NA	NA	NA	NA	NA	NA	NA
L132D	NA	NA	NA	NA	NA	NA	NA	NA	NA
P133E	NA	NA	NA	NA	NA	NA	NA	NA	NA
P104M	NA	NA	NA	NA	NA	NA	NA	NA	NA
D78E-A152G	NA	NA	NA	NA	NA	NA	NA	NA	NA
K124A-K154I	NA	NA	NA	NA	NA	NA	NA	NA	NA
S28L-P136C	NA	NA	NA	NA	NA	NA	NA	NA	NA
T151M	NA	NA	NA	NA	NA	NA	NA	NA	NA
P85M	NA	NA	NA	NA	NA	NA	NA	NA	NA
A152G	NA	NA	NA	NA	NA	NA	NA	NA	NA
G118D-N138N	NA	NA	NA	NA	NA	NA	NA	NA	NA
A80A-N138I	NA	NA	NA	NA	NA	NA	NA	NA	NA
T34I-K154I	NA	NA	NA	NA	NA	NA	NA	NA	NA
K36V-T153M	NA	NA	NA	NA	NA	NA	NA	NA	NA
T101G-N149K	NA	NA	NA	NA	NA	NA	NA	NA	NA
G76A-T153V	NA	NA	NA	NA	NA	NA	NA	NA	NA
S27H-V164V	NA	NA	NA	NA	NA	NA	NA	NA	NA
A26K-G137Q	NA	NA	NA	NA	NA	NA	NA	NA	NA
V131T	NA	NA	NA	NA	NA	NA	NA	NA	NA
N113G-F150W	NA	NA	NA	NA	NA	NA	NA	NA	NA
A77V	NA	NA	NA	NA	NA	NA	NA	NA	NA
T34P-G137H	NA	NA	NA	NA	NA	NA	NA	NA	NA
Q33D	NA	NA	NA	NA	NA	NA	NA	NA	NA
T34N	NA	NA	NA	NA	NA	NA	NA	NA	NA
T151L	NA	NA	NA	NA	NA	NA	NA	NA	NA
V131V	NA	NA	NA	NA	NA	NA	NA	NA	NA
A77S-K166T	NA	NA	NA	NA	NA	NA	NA	NA	NA
L158V	NA	NA	NA	NA	NA	NA	NA	NA	NA
Q33L	NA	NA	NA	NA	NA	NA	NA	NA	NA
N70Q-T153L	NA	NA	NA	NA	NA	NA	NA	NA	NA
M145S	NA	NA	NA	NA	NA	NA	NA	NA	NA
G119S-N138K	NA	NA	NA	NA	NA	NA	NA	NA	NA
L32L-S160A	NA	NA	NA	NA	NA	NA	NA	NA	NA
K36V-G55G-C170C	NA	NA	NA	NA	NA	NA	NA	NA	NA
K86H	NA	NA	NA	NA	NA	NA	NA	NA	NA
M62A-I168M	NA	NA	NA	NA	NA	NA	NA	NA	NA
F144F	NA	NA	NA	NA	NA	NA	NA	NA	NA
T34P	NA	NA	NA	NA	NA	NA	NA	NA	NA
S97A	NA	NA	NA	NA	NA	NA	NA	NA	NA
S27S-C170M	NA	NA	NA	NA	NA	NA	NA	NA	NA
Y107F-G137M	NA	NA	NA	NA	NA	NA	NA	NA	NA
N138R	NA	NA	NA	NA	NA	NA	NA	NA	NA
T101N-N138S	NA	NA	NA	NA	NA	NA	NA	NA	NA
S46W-V142V	NA	NA	NA	NA	NA	NA	NA	NA	NA
T105I-V142V	NA	NA	NA	NA	NA	NA	NA	NA	NA
T105N	NA	NA	NA	NA	NA	NA	NA	NA	NA
A106Q-C170T	NA	NA	NA	NA	NA	NA	NA	NA	NA
T24Y	NA	NA	NA	NA	NA	NA	NA	NA	NA
L20G-P136K	NA	NA	NA	NA	NA	NA	NA	NA	NA
P30R	NA	NA	NA	NA	NA	NA	NA	NA	NA
S98A-T153G	NA	NA	NA	NA	NA	NA	NA	NA	NA
L161I	NA	NA	NA	NA	NA	NA	NA	NA	NA
A106F	NA	NA	NA	NA	NA	NA	NA	NA	NA
T34T	NA	NA	NA	NA	NA	NA	NA	NA	NA
V123L	NA	NA	NA	NA	NA	NA	NA	NA	NA
T4T-V66Q-N113D-Y141Y-N149E	NA	NA	NA	NA	NA	NA	NA	NA	NA
N67R	NA	NA	NA	NA	NA	NA	NA	NA	NA
F44V-I168L	NA	NA	NA	NA	NA	NA	NA	NA	NA
L112T	NA	NA	NA	NA	NA	NA	NA	NA	NA
T122V	NA	NA	NA	NA	NA	NA	NA	NA	NA
A152H	NA	NA	NA	NA	NA	NA	NA	NA	NA
P30A	NA	NA	NA	NA	NA	NA	NA	NA	NA
T24F	NA	NA	NA	NA	NA	NA	NA	NA	NA
P85C-C170A	NA	NA	NA	NA	NA	NA	NA	NA	NA
S28E	NA	NA	NA	NA	NA	NA	NA	NA	NA
L20K-C170T	NA	NA	NA	NA	NA	NA	NA	NA	NA
Q33K-I165T	NA	NA	NA	NA	NA	NA	NA	NA	NA
Q61A-N138Q	NA	NA	NA	NA	NA	NA	NA	NA	NA
K175K	NA	NA	NA	NA	NA	NA	NA	NA	NA
V127N-P136E	NA	NA	NA	NA	NA	NA	NA	NA	NA
V109M	NA	NA	NA	NA	NA	NA	NA	NA	NA
W147Q	NA	NA	NA	NA	NA	NA	NA	NA	NA
D117V	NA	NA	NA	NA	NA	NA	NA	NA	NA
F88L	NA	NA	NA	NA	NA	NA	NA	NA	NA
S22Q-P136C	NA	NA	NA	NA	NA	NA	NA	NA	NA
N12T-T38V-K124R-V140S	NA	NA	NA	NA	NA	NA	NA	NA	NA
S28H-V142C	NA	NA	NA	NA	NA	NA	NA	NA	NA
Y43C	NA	NA	NA	NA	NA	NA	NA	NA	NA
S46H	NA	NA	NA	NA	NA	NA	NA	NA	NA
K36C-L132E	NA	NA	NA	NA	NA	NA	NA	NA	NA
V23V-F144I	NA	NA	NA	NA	NA	NA	NA	NA	NA
G119V	NA	NA	NA	NA	NA	NA	NA	NA	NA
R115R-N138C	NA	NA	NA	NA	NA	NA	NA	NA	NA
N50S	NA	NA	NA	NA	NA	NA	NA	NA	NA
T105R	NA	NA	NA	NA	NA	NA	NA	NA	NA
S39S	NA	NA	NA	NA	NA	NA	NA	NA	NA
A106H	NA	NA	NA	NA	NA	NA	NA	NA	NA
K36L	NA	NA	NA	NA	NA	NA	NA	NA	NA
P136E-C170T	NA	NA	NA	NA	NA	NA	NA	NA	NA
S46M	NA	NA	NA	NA	NA	NA	NA	NA	NA
D117T	NA	NA	NA	NA	NA	NA	NA	NA	NA
Y43L-L132E	NA	NA	NA	NA	NA	NA	NA	NA	NA
V19Y-P136E	NA	NA	NA	NA	NA	NA	NA	NA	NA
T105V	NA	NA	NA	NA	NA	NA	NA	NA	NA
D117G	NA	NA	NA	NA	NA	NA	NA	NA	NA
S97E-I165C	NA	NA	NA	NA	NA	NA	NA	NA	NA
S148G	NA	NA	NA	NA	NA	NA	NA	NA	NA
A69A	NA	NA	NA	NA	NA	NA	NA	NA	NA
D45N	NA	NA	NA	NA	NA	NA	NA	NA	NA
A26T	NA	NA	NA	NA	NA	NA	NA	NA	NA
S27C-P136E	NA	NA	NA	NA	NA	NA	NA	NA	NA
T64S-V142M	NA	NA	NA	NA	NA	NA	NA	NA	NA
P25P	NA	NA	NA	NA	NA	NA	NA	NA	NA
S28G-T105R-V140T	NA	NA	NA	NA	NA	NA	NA	NA	NA
F144G-M145R-V146G-W147G-T151T	NA	NA	NA	NA	NA	NA	NA	NA	NA
A69C-P136E	NA	NA	NA	NA	NA	NA	NA	NA	NA
S28C	NA	NA	NA	NA	NA	NA	NA	NA	NA
A26Q-L132N-L158V	NA	NA	NA	NA	NA	NA	NA	NA	NA
F44M	NA	NA	NA	NA	NA	NA	NA	NA	NA
T101R	NA	NA	NA	NA	NA	NA	NA	NA	NA
S22Q-W147N	NA	NA	NA	NA	NA	NA	NA	NA	NA
P136S-S160S	NA	NA	NA	NA	NA	NA	NA	NA	NA
S28G-T153Q	NA	NA	NA	NA	NA	NA	NA	NA	NA
T122S-P136H-V159C	NA	NA	NA	NA	NA	NA	NA	NA	NA
S97W	NA	NA	NA	NA	NA	NA	NA	NA	NA
T34W	NA	NA	NA	NA	NA	NA	NA	NA	NA
Y43L-T105E-P136H	NA	NA	NA	NA	NA	NA	NA	NA	NA
T24Q-P136E	NA	NA	NA	NA	NA	NA	NA	NA	NA
P136E-T151Q	NA	NA	NA	NA	NA	NA	NA	NA	NA
A83H-P136E	NA	NA	NA	NA	NA	NA	NA	NA	NA
S27S-T153Q	NA	NA	NA	NA	NA	NA	NA	NA	NA
K36C-L132V	NA	NA	NA	NA	NA	NA	NA	NA	NA
F5Y-N139G	NA	NA	NA	NA	NA	NA	NA	NA	NA
A152I	NA	NA	NA	NA	NA	NA	NA	NA	NA
S27M-P136D	NA	NA	NA	NA	NA	NA	NA	NA	NA
N139Q	NA	NA	NA	NA	NA	NA	NA	NA	NA
S27S-I165C	NA	NA	NA	NA	NA	NA	NA	NA	NA
S28K-P136C	NA	NA	NA	NA	NA	NA	NA	NA	NA
T64Y-E95G	NA	NA	NA	NA	NA	NA	NA	NA	NA
S27S-P136F	NA	NA	NA	NA	NA	NA	NA	NA	NA
T101C-C170T	NA	NA	NA	NA	NA	NA	NA	NA	NA
L32M	NA	NA	NA	NA	NA	NA	NA	NA	NA
K17P	NA	NA	NA	NA	NA	NA	NA	NA	NA
N113E	NA	NA	NA	NA	NA	NA	NA	NA	NA
A83V	NA	NA	NA	NA	NA	NA	NA	NA	NA
N138V	NA	NA	NA	NA	NA	NA	NA	NA	NA
N149R	NA	NA	NA	NA	NA	NA	NA	NA	NA
V19S	NA	NA	NA	NA	NA	NA	NA	NA	NA
V127I	NA	NA	NA	NA	NA	NA	NA	NA	NA
S46Y	NA	NA	NA	NA	NA	NA	NA	NA	NA
V19W-N138L	NA	NA	NA	NA	NA	NA	NA	NA	NA
S27L-P136E	NA	NA	NA	NA	NA	NA	NA	NA	NA
S28D-N138T	NA	NA	NA	NA	NA	NA	NA	NA	NA
S28H-L132N-L158V	NA	NA	NA	NA	NA	NA	NA	NA	NA
S28N-T153Q	NA	NA	NA	NA	NA	NA	NA	NA	NA
T24Q-C170T	NA	NA	NA	NA	NA	NA	NA	NA	NA
S28H-P136F	NA	NA	NA	NA	NA	NA	NA	NA	NA
A83H-S97A-V99G-L132E	NA	NA	NA	NA	NA	NA	NA	NA	NA
Q61T-P136E	NA	NA	NA	NA	NA	NA	NA	NA	NA
S27Q-P136N	NA	NA	NA	NA	NA	NA	NA	NA	NA
Q33T-P136E	NA	NA	NA	NA	NA	NA	NA	NA	NA
F94V-S98E-L132E-C155V	NA	NA	NA	NA	NA	NA	NA	NA	NA
G119N	NA	NA	NA	NA	NA	NA	NA	NA	NA
S97M-V159C	NA	NA	NA	NA	NA	NA	NA	NA	NA
Q3Q-A37G-S98D-A152R	NA	NA	NA	NA	NA	NA	NA	NA	NA
T105P	NA	NA	NA	NA	NA	NA	NA	NA	NA
L20K-P136V	NA	NA	NA	NA	NA	NA	NA	NA	NA
S27G-N138H	NA	NA	NA	NA	NA	NA	NA	NA	NA
S27S-K154C	NA	NA	NA	NA	NA	NA	NA	NA	NA
S28D-T153V	NA	NA	NA	NA	NA	NA	NA	NA	NA
S97V-G137D	NA	NA	NA	NA	NA	NA	NA	NA	NA
T34P-K154F	NA	NA	NA	NA	NA	NA	NA	NA	NA
Q61C	NA	NA	NA	NA	NA	NA	NA	NA	NA
S39T	NA	NA	NA	NA	NA	NA	NA	NA	NA
F87L-K154Q	NA	NA	NA	NA	NA	NA	NA	NA	NA
A83P	NA	NA	NA	NA	NA	NA	NA	NA	NA
N138N	NA	NA	NA	NA	NA	NA	NA	NA	NA
L132E-S160G	NA	NA	NA	NA	NA	NA	NA	NA	NA
S22Q-L132N	NA	NA	NA	NA	NA	NA	NA	NA	NA
S28N-P136E	NA	NA	NA	NA	NA	NA	NA	NA	NA
Y43L-V92V-I165C	NA	NA	NA	NA	NA	NA	NA	NA	NA
S28H-V131V-N138F	NA	NA	NA	NA	NA	NA	NA	NA	NA
Y120K	NA	NA	NA	NA	NA	NA	NA	NA	NA
K36C-L132N	NA	NA	NA	NA	NA	NA	NA	NA	NA
S27E-P136E	NA	NA	NA	NA	NA	NA	NA	NA	NA
S28H-L132I-P136M	NA	NA	NA	NA	NA	NA	NA	NA	NA
V19F	NA	NA	NA	NA	NA	NA	NA	NA	NA
A83H-N138A	NA	NA	NA	NA	NA	NA	NA	NA	NA
Y43L-C90A	NA	NA	NA	NA	NA	NA	NA	NA	NA
S27E	NA	NA	NA	NA	NA	NA	NA	NA	NA
F144M	NA	NA	NA	NA	NA	NA	NA	NA	NA
